id_1,id_2
0,1
0,2
0,3
0,4
0,5
0,6
0,7
0,8
9,10
0,11
0,7
0,12
0,13
0,14
0,0
15,16
15,17
15,18
15,19
15,20
21,22
21,23
21,24
21,22
25,21
26,27
27,28
27,29
27,30
31,32
33,34
33,35
33,36
33,37
38,33
39,40
41,0
41,42
41,43
41,44
41,45
41,46
41,47
41,48
41,49
50,51
50,52
50,53
50,54
50,55
56,50
56,50
57,52
57,53
57,54
57,55
57,58
59,57
59,57
60,52
60,53
60,54
60,55
61,60
61,60
62,52
62,53
62,54
62,55
62,63
64,62
64,62
65,52
65,53
65,54
65,55
66,67
66,67
66,65
66,68
66,54
69,66
70,65
70,65
71,52
71,53
71,54
71,55
72,71
72,71
73,52
73,53
73,54
73,55
74,52
74,75
74,76
74,77
74,78
79,74
79,74
80,52
80,75
80,76
80,77
80,78
80,55
81,80
81,80
82,73
82,73
49,0
49,83
49,44
49,46
49,48
49,84
49,85
84,49
84,85
84,44
84,46
84,47
84,48
84,49
84,85
86,52
86,53
86,54
86,55
87,86
87,86
88,52
88,53
88,54
88,55
89,88
89,88
90,52
90,53
90,54
90,55
91,90
91,90
92,52
92,75
92,76
92,77
92,78
93,92
93,92
94,95
96,52
96,53
96,54
96,55
97,96
97,96
98,52
98,53
98,54
98,55
99,98
99,98
100,52
100,53
100,54
100,55
101,100
101,100
102,103
102,52
102,75
102,76
102,77
102,78
104,102
104,102
105,106
105,107
105,45
105,108
108,106
108,107
108,45
108,105
109,110
109,111
109,110
109,111
112,109
113,114
115,116
115,117
118,119
120,121
120,122
120,4
120,123
120,124
125,0
125,0
126,0
127,128
7,129
7,130
7,4
7,123
7,131
7,132
7,133
7,134
7,135
7,136
7,137
7,6
7,138
7,139
7,137
7,133
7,133
140,141
142,143
144,143
145,146
147,148
147,147
147,149
150,151
150,152
153,154
153,155
153,156
153,157
153,158
159,160
161,162
163,148
163,163
163,141
164,148
164,164
164,149
165,148
165,165
165,160
166,148
166,151
166,166
166,141
167,168
167,148
167,167
167,169
167,168
170,171
172,162
173,174
175,176
175,177
178,160
179,148
179,179
179,160
180,168
180,148
180,180
180,169
180,168
7,63
7,11
7,181
7,182
7,45
7,183
7,184
7,133
7,185
7,186
7,7
7,187
7,7
188,189
188,190
188,191
192,188
192,192
192,193
194,195
194,196
197,194
188,11
188,198
188,195
188,190
42,199
42,200
42,11
42,201
42,202
42,13
42,203
42,204
42,205
42,200
206,207
206,11
206,208
209,210
209,209
211,212
213,214
215,216
217,216
217,218
219,220
221,222
221,192
221,223
221,224
225,220
226,143
143,227
143,228
229,222
229,230
229,231
232,233
234,40
234,132
234,235
236,234
237,238
239,220
240,241
242,243
242,244
245,246
247,248
249,249
249,222
249,224
249,250
249,251
249,252
253,254
255,132
255,256
255,257
255,258
255,259
255,260
255,261
255,262
255,263
255,264
255,265
255,266
255,267
255,268
269,270
271,272
273,274
275,273
276,277
270,278
270,279
280,281
280,282
280,233
283,45
283,284
283,285
283,286
283,287
283,11
288,289
290,233
291,292
291,45
291,293
294,295
294,296
294,297
298,297
299,291
300,297
301,302
301,303
301,11
304,305
306,304
306,307
308,304
308,309
310,233
311,40
312,311
313,314
313,315
313,316
313,317
313,318
313,319
313,320
313,321
313,322
313,323
313,324
313,325
326,40
326,182
326,327
326,328
326,329
326,330
331,332
331,333
331,334
331,335
331,336
331,337
331,338
331,339
340,292
340,45
340,341
342,340
343,326
344,345
344,346
344,132
347,344
345,346
345,132
345,344
345,348
345,349
345,350
345,351
345,349
352,353
352,354
355,356
357,358
357,359
357,360
361,362
361,363
361,364
361,365
361,366
361,361
361,367
361,35
361,368
361,369
361,364
361,370
361,371
361,372
361,373
361,374
361,375
376,377
378,379
378,380
378,381
378,382
378,383
378,384
378,385
378,386
387,378
388,389
390,220
391,392
393,394
395,394
396,397
398,356
399,400
401,402
403,188
404,405
406,407
408,377
409,410
409,411
412,413
414,111
414,415
414,416
414,417
414,418
415,111
415,414
415,416
415,417
415,419
420,415
421,422
423,424
425,426
425,427
425,428
425,426
429,233
430,431
432,433
434,435
434,435
434,4
434,436
434,437
434,438
439,440
441,442
441,443
441,441
441,11
441,444
441,445
441,132
441,45
441,446
441,444
441,447
441,445
441,448
441,449
441,450
441,451
441,452
441,453
441,454
441,442
441,441
455,11
455,456
457,458
457,459
460,461
460,462
460,463
460,45
460,464
460,465
460,466
467,455
467,30
468,233
469,470
16,15
16,17
16,18
16,19
16,20
16,471
472,11
473,233
474,356
475,476
475,182
475,132
475,45
475,477
475,478
475,479
480,475
481,482
481,481
481,483
481,484
481,485
486,487
368,35
368,361
368,488
368,489
368,490
368,364
368,371
368,372
368,491
368,492
368,493
494,148
494,494
494,495
494,496
494,497
494,498
494,499
494,500
501,502
501,503
504,356
505,506
507,508
509,510
509,511
509,512
509,513
509,514
509,515
509,516
509,505
517,509
518,519
520,422
521,233
522,431
523,524
525,523
526,527
528,529
530,528
495,494
496,494
531,532
531,533
531,534
531,531
535,536
531,11
531,532
537,11
537,538
539,540
541,542
541,543
541,544
541,545
541,546
541,547
548,541
549,550
549,111
549,45
549,551
549,552
549,553
554,549
555,549
556,557
556,141
558,559
560,537
560,30
561,233
562,534
562,562
562,563
564,141
565,305
566,565
566,567
568,569
570,137
571,572
573,11
573,574
573,35
573,575
576,573
577,233
317,578
317,315
317,313
317,318
317,319
317,320
317,321
317,322
317,323
317,324
317,325
579,580
581,582
583,169
583,584
585,586
585,587
585,588
585,589
590,591
590,592
590,593
590,594
590,595
590,596
597,598
599,600
599,601
602,407
603,604
605,606
607,606
608,422
609,610
609,611
609,612
609,613
609,614
609,615
616,609
616,609
617,233
618,619
620,614
621,622
621,11
621,622
621,621
623,11
624,625
626,305
627,626
627,309
628,233
629,630
629,123
629,4
629,123
629,123
629,631
629,123
629,4
629,123
632,633
634,11
635,233
636,598
637,422
638,233
639,640
639,641
642,639
643,644
645,646
647,648
647,11
647,648
649,11
650,651
652,653
654,233
655,656
657,658
318,578
318,315
318,313
318,317
318,319
318,320
318,321
318,322
318,323
318,324
318,325
659,11
660,233
661,662
661,663
661,662
664,661
664,661
665,666
667,665
667,666
668,669
670,671
672,670
673,422
674,675
674,676
677,233
678,679
678,680
678,681
678,678
678,682
678,11
678,679
683,11
684,685
684,686
687,687
687,222
687,224
687,231
687,688
689,233
690,305
691,690
691,309
692,30
693,11
694,695
694,307
695,305
696,233
697,698
699,169
699,584
700,701
700,702
703,704
703,111
703,130
703,705
706,679
706,704
706,443
706,706
706,707
704,708
704,709
704,710
704,711
704,706
704,712
713,704
714,715
716,717
718,719
720,719
721,422
722,233
723,724
725,726
725,727
725,76
725,534
725,728
725,725
725,11
725,726
729,11
365,361
365,366
730,233
319,578
319,315
319,313
319,317
319,318
319,320
319,321
319,322
319,323
319,324
319,325
731,732
733,734
735,11
736,233
737,580
738,725
738,739
738,740
738,542
738,544
738,545
738,741
738,546
738,742
738,743
744,738
745,746
747,422
748,610
748,611
748,749
750,748
751,752
753,233
754,755
756,757
758,759
758,760
758,11
758,759
761,11
762,233
763,30
764,30
765,766
767,30
768,30
769,11
770,30
770,30
771,181
771,772
773,771
774,233
775,30
775,30
776,30
776,30
777,30
777,30
778,30
778,30
779,487
780,487
781,782
783,422
784,233
785,786
785,11
785,786
785,785
320,11
320,787
320,788
320,260
320,789
320,790
320,791
320,313
320,317
320,318
320,319
320,321
320,322
320,323
320,324
320,325
320,792
320,793
320,794
320,795
320,320
320,796
321,578
321,315
321,313
321,317
321,318
321,319
321,320
321,322
321,323
321,324
321,325
797,321
797,315
797,798
797,30
797,797
799,800
801,320
801,320
802,233
803,30
804,30
804,30
805,805
805,30
805,30
806,30
806,30
807,30
807,30
808,30
808,30
809,810
811,809
812,45
812,813
812,814
812,815
812,816
817,30
817,30
818,818
818,819
818,818
818,30
818,820
821,822
821,821
821,819
821,821
821,30
821,822
821,823
824,169
824,584
825,826
827,132
827,787
827,828
827,829
830,831
832,833
832,834
832,835
832,836
832,837
832,838
832,839
832,834
832,840
832,841
832,842
832,843
832,844
845,832
846,847
846,848
846,849
850,846
848,847
848,846
848,851
848,849
852,848
853,43
854,422
855,610
855,611
855,612
855,613
855,856
855,857
858,233
859,860
859,11
859,860
861,11
28,798
28,30
28,862
28,863
28,30
28,819
28,443
28,864
28,865
28,28
866,30
867,233
868,426
426,864
426,865
426,426
426,30
869,870
870,871
870,864
870,865
870,870
870,30
870,872
870,873
874,875
875,876
875,865
875,875
875,30
875,877
875,878
879,880
880,819
880,865
880,880
880,30
880,881
880,882
883,884
885,886
886,865
886,886
886,887
886,888
889,890
890,864
890,890
890,30
890,891
890,892
893,894
894,894
894,30
894,895
894,896
897,898
899,315
899,313
899,317
899,318
899,319
899,320
899,321
899,322
899,323
899,324
899,325
900,901
901,901
901,795
901,901
901,899
901,315
901,30
901,902
901,820
903,904
903,905
903,906
903,907
903,908
903,903
903,909
903,910
903,911
903,443
903,903
903,186
903,903
903,912
903,913
903,914
903,903
915,903
915,916
915,910
915,917
918,903
918,903
918,910
918,911
919,920
920,920
920,30
920,822
920,823
921,922
923,907
923,923
923,924
923,925
923,926
927,598
928,422
929,233
930,931
930,932
930,933
934,930
935,160
936,937
936,223
936,37
936,938
936,939
936,940
936,941
936,942
943,944
943,37
945,356
946,377
947,148
947,947
947,174
948,174
949,7
950,377
951,377
952,953
952,954
955,377
956,957
956,958
956,959
960,961
960,958
960,959
962,963
962,956
962,960
962,957
962,961
962,964
962,965
962,958
962,959
962,966
962,967
962,968
969,970
969,971
969,972
969,973
974,975
974,976
977,963
977,974
977,975
977,978
977,965
977,976
977,979
977,980
977,981
982,983
984,985
986,987
988,989
990,991
992,993
994,995
996,997
998,999
1000,1001
1002,1003
1002,1004
1002,1005
1002,1006
1007,1008
1007,45
1009,377
1010,1011
1010,1012
1013,1014
1015,1016
1017,1018
1019,1020
1021,1022
1023,963
1023,1024
1023,1025
1023,965
1023,980
1023,1026
1023,981
1027,1028
1027,1029
1028,1030
1028,1031
1028,1032
1029,963
1029,1028
1029,1033
1029,1031
1029,1034
1029,965
1029,1035
1029,967
1029,1036
1029,1037
1038,1038
1038,1039
1038,1040
1038,1041
1038,1042
1038,967
1038,1043
1038,1044
1045,1046
1045,169
1045,1047
1045,1048
1045,1049
1045,1046
1045,1050
1051,1052
1053,1054
1055,1056
1055,1057
1058,1057
1059,377
1060,1061
1062,1054
1063,1064
1063,35
1063,1065
1066,1067
1068,1069
1070,1068
1071,356
1072,1073
1074,1075
1074,1076
1077,963
1077,1074
1077,1075
1077,965
1077,981
1077,1076
1077,1078
1079,1080
1079,1081
1082,1083
1084,1085
1086,148
1086,1086
1086,1087
1086,1088
1086,1089
1086,1090
1086,1088
1086,1091
1086,1092
1086,1093
1094,1095
1033,963
1033,1028
1033,1029
1033,1094
1033,965
1033,1035
1033,967
1033,1036
1033,1096
1097,1098
1099,963
1099,1100
1099,1101
1099,1102
1099,965
1099,980
1099,981
1099,1103
1099,1104
1105,963
1105,1106
1105,1107
1105,1108
1105,965
1105,980
1105,981
1105,1109
1110,1111
1112,377
1113,1114
1115,201
1115,1116
1115,1117
1115,1118
1115,1119
1115,452
1120,1115
1121,1122
1123,1124
1125,1126
1125,1127
1128,1129
1130,1131
1132,1127
1133,732
1133,1134
1135,182
1136,732
1137,1136
1138,1133
1139,1127
1140,201
1140,1141
1142,1140
1143,1144
1143,1145
1146,4
1146,1147
1148,1143
1126,1125
1126,1127
1149,422
1150,1151
1152,130
1152,132
1153,1154
1153,1155
1153,1156
1153,1157
1153,1000
1158,1159
1158,1127
1160,1161
1160,1162
1163,1160
1164,1165
1164,1166
1165,1164
1165,1166
1167,1168
1169,1170
1171,1172
1171,1131
1172,1171
1172,1171
1172,1131
1129,1128
1129,1131
1173,787
1173,1174
1175,1173
1176,1177
1178,1179
1178,1180
1178,1181
1182,45
1183,141
1184,7
1185,7
1185,1186
1185,233
1185,185
1185,186
1185,1185
1185,1187
1185,1188
1185,1189
1185,1190
1185,1185
1191,431
1192,1193
1194,1193
1195,1196
1197,1198
1199,1200
1199,1201
1199,1202
1199,1203
1204,1205
8,1206
8,111
8,1147
8,1207
8,1081
8,1208
8,1209
8,76
8,137
8,1210
8,1211
8,1083
8,1212
8,1213
8,1214
8,8
8,1215
8,1216
1217,1218
1219,1220
1221,148
1221,1221
1221,1222
1223,160
154,153
154,155
154,156
154,157
154,158
1224,1225
1226,1227
1226,1228
1226,1229
1226,1228
1226,1230
1226,1231
1226,1232
1226,1233
1226,1234
1226,1235
1226,1236
1226,1237
1226,1238
1226,1239
1240,1241
1242,1243
1244,169
1245,141
1246,1247
1248,1249
1250,148
1250,1250
1250,1222
1251,0
1251,8
1251,1252
1253,1254
1255,1256
1257,1258
1257,795
1257,1257
1257,201
1257,1259
1257,1260
8,7
8,1081
8,11
8,181
8,182
8,1261
8,45
8,1262
8,1081
8,1081
8,1147
1263,1264
1263,328
1263,680
1263,1263
1263,11
1263,1264
1265,1266
1265,11
1265,1267
1265,1268
1265,1265
1265,1267
1265,1265
1269,1270
29,1271
29,798
29,30
29,1272
29,1273
29,1274
29,443
29,1275
29,864
29,1276
29,385
29,795
29,29
1277,1278
1279,1280
1281,1282
1283,243
1283,244
1284,243
1284,244
1285,248
1286,1286
1286,222
1286,224
1286,250
1286,1287
1288,233
1289,1290
1289,1289
1289,1291
1289,1267
1289,1268
1289,1289
1292,1282
1293,1294
427,30
1295,1295
1295,1296
1297,1297
1297,1296
1298,1298
1298,1296
1299,1296
1300,1296
1301,1296
1302,30
1303,30
1304,30
1305,30
1306,30
1307,30
1308,30
1309,30
1310,1311
1312,1313
1314,598
1315,1316
1317,1318
1317,1319
1320,1315
1321,872
1322,719
1323,719
1324,422
1325,1326
872,30
1327,233
1328,11
1328,1329
1330,1331
1330,681
1330,1330
1330,1332
1330,1333
1334,809
1334,810
810,809
810,1334
1335,810
1336,1334
1337,422
1338,1339
1338,233
1340,1341
1340,1342
1340,11
1340,1343
1340,1344
1340,1345
1340,230
1340,1346
1340,1346
1347,1347
1347,1347
1347,4
1348,1348
1349,1350
1351,1348
1352,1353
1354,1355
1356,831
1357,1358
1359,1360
1361,422
1362,233
1363,1340
1364,11
1364,1365
1366,45
1366,1367
1366,1368
1366,1369
1366,1370
1371,1372
1371,1373
1374,422
1375,233
1376,11
1376,1377
1376,1378
1376,1376
1376,1378
1376,1376
1376,1378
1376,1376
1376,1378
1376,1376
1376,1378
1376,1376
1376,1378
1376,1376
1376,1378
1376,1376
1376,1378
1376,1376
1379,557
1379,141
1380,1381
1382,1383
1382,1382
1384,1382
1384,1385
1384,1386
1384,1387
1384,1388
1389,1376
1389,739
1389,542
1389,544
1389,545
1389,741
1389,546
1389,1390
1391,1389
591,590
591,593
591,594
591,596
591,1392
1393,1394
1395,1396
1395,1397
1395,1395
1395,1215
1398,1399
366,1400
366,1401
366,1402
366,1403
366,363
366,361
366,365
366,366
366,1404
366,1405
366,1406
1407,422
1408,1376
1408,610
1408,611
1408,1409
1408,857
1410,233
1411,728
1411,1411
1411,11
1411,1412
1413,598
1414,1316
1415,1414
1416,1417
1416,1418
1416,1419
1416,1420
1421,422
1417,1416
1417,1422
1417,1420
1417,1423
1424,233
1425,1426
1425,728
1425,1425
1427,132
1427,1428
1429,1427
1425,11
1425,1404
1425,1430
1425,1431
1425,601
1425,1432
1425,1433
1434,1435
1434,1436
1434,1437
1434,1438
1439,422
1440,233
1441,11
1441,1442
1443,1444
1443,1445
1446,598
1447,422
1448,233
1449,680
1449,728
1449,1449
1449,11
1449,1450
1449,1451
1449,1449
1452,1453
1452,1454
1455,1456
1457,422
1458,233
1459,11
1459,1460
1461,598
1462,1463
1464,1462
1465,422
1466,233
1467,51
1467,1468
1467,75
1467,54
1467,55
1469,1467
1469,1467
1470,52
1470,75
1470,53
1470,76
1470,77
1470,78
1470,55
1471,1470
1471,1470
1472,52
1472,53
1472,54
1472,55
1473,1472
1473,1472
1474,52
1474,75
1474,53
1474,54
1474,78
1474,55
1475,1474
1475,1474
1476,1468
1476,75
1476,54
1476,55
1477,1476
1477,1476
1478,52
1478,53
1478,54
1478,55
1479,1478
1479,1478
1480,52
1480,53
1480,54
1480,55
1481,1480
1481,1480
1482,1483
1482,1484
1482,1485
1486,1482
1487,1276
1487,1488
1487,1489
1487,1490
1487,1081
1487,1491
1487,1492
1487,1493
1487,1494
1487,1495
1487,1487
1496,1468
1496,1497
1496,1498
1496,54
1496,1499
1500,1496
1500,1496
1501,52
1501,53
1501,54
1501,55
1502,1501
1502,1501
1503,52
1503,53
1503,54
1503,55
1504,1503
1504,1503
1491,1276
1491,1489
1491,1490
1491,1505
1491,1081
1491,1487
1491,1492
1491,1493
1491,1494
1506,52
1506,53
1506,54
1506,55
1507,1506
1507,1506
1508,52
1508,75
1508,53
1508,54
1508,78
1508,55
1509,1508
1509,1508
1510,52
1510,75
1510,53
1510,54
1510,78
1510,55
1511,52
1511,75
1511,53
1511,76
1511,77
1511,78
1511,55
1512,1511
1512,1511
1513,1510
1513,1510
931,930
931,932
931,933
1514,931
1515,52
1515,53
1515,54
1515,55
1516,1515
1516,68
1516,67
1516,54
1517,1516
1517,1516
1518,1515
1519,52
1519,53
1519,54
1519,55
1520,1519
1520,1519
1521,52
1521,53
1521,54
1521,55
1522,1521
1522,1521
1523,52
1523,53
1523,54
1523,55
1524,52
1524,75
1524,53
1524,76
1524,77
1524,55
1525,1524
1525,1524
1526,52
1526,75
1526,53
1526,76
1526,77
1526,78
1526,55
1527,1526
1527,1526
1528,52
1528,75
1528,53
1528,76
1528,77
1528,78
1528,55
1529,1528
1529,1528
1530,1531
1530,52
1530,75
1530,53
1530,76
1530,78
1530,55
1532,1530
1532,1530
1533,1523
1533,1523
1534,52
1534,75
1534,53
1534,76
1534,77
1534,55
1535,1534
1535,1534
1536,1468
1536,75
1536,54
1536,55
1537,1536
1537,68
1537,67
1537,54
1538,1537
1538,1537
1539,1536
1539,1536
1540,52
1540,53
1540,54
1540,55
1540,1541
1542,1540
1542,1540
1543,52
1543,75
1543,53
1543,54
1543,78
1543,55
1543,1544
1545,1543
1545,1543
1546,52
1546,53
1546,54
1546,55
1547,1546
1547,1546
1548,52
1548,75
1548,53
1548,76
1548,77
1548,55
1549,1548
1549,1548
1550,52
1550,75
1550,53
1550,76
1550,77
1550,78
1550,55
1551,1550
1551,1550
1552,52
1552,75
1552,53
1552,76
1552,77
1552,78
1552,55
1552,1553
1554,1552
1554,1552
1555,52
1555,53
1555,54
1555,55
1556,1555
1556,1555
1557,52
1557,53
1557,54
1557,55
1558,1557
1558,1557
1559,356
1560,1561
1562,1563
1562,148
1562,1562
1564,169
1564,1565
1564,1566
1564,1567
1568,953
1568,954
1569,149
1570,1571
1570,1220
1572,1573
1572,1573
957,956
957,960
957,958
957,959
957,961
961,960
961,959
961,957
964,963
964,956
964,960
964,962
964,957
964,961
964,965
964,958
964,959
964,966
964,967
964,968
975,974
975,976
978,963
978,974
978,977
978,975
978,965
978,976
978,979
978,980
978,981
1574,1575
1576,141
1577,1578
1577,1579
1580,1054
1581,1582
1583,1054
1584,1054
1585,377
1003,1002
1003,1004
1003,1005
1003,1006
1586,1587
1588,1589
1590,1591
1592,1593
1594,510
1594,1404
1594,132
1595,380
1595,1596
1597,1595
1598,1022
1598,963
1598,1021
1598,1599
1598,1022
1024,963
1024,1023
1024,1025
1024,965
1024,980
1024,1026
1024,981
1030,1028
1030,1031
1030,1032
1600,963
1600,1030
1600,1601
1600,1032
1600,1602
1600,965
1600,1035
1600,967
1600,1036
1600,1037
1603,431
1603,1604
1605,377
1606,1606
1606,1607
1606,1040
1606,1041
1606,1042
1606,967
1606,1043
1606,1608
1609,148
1609,1609
1609,1087
1609,141
1610,1611
1229,1227
1229,1228
1229,1226
1229,1228
1229,1230
1229,1231
1229,1232
1229,1233
1229,1234
1229,1235
1229,1236
1229,1237
1229,1238
1229,1239
1612,1613
1612,169
1612,1614
1615,169
1615,1616
1615,1617
1618,169
1618,1619
1620,169
1620,1621
1620,1622
1620,1621
1623,1620
1623,1620
1624,1625
1626,1617
1627,1625
1628,1629
1628,1052
1630,1061
1631,1632
1633,1629
1633,1052
1633,1634
1635,356
1636,1637
1638,1639
1640,1073
1075,1074
1075,1076
1641,963
1641,1074
1641,1077
1641,1075
1641,965
1641,981
1641,1076
1641,1078
1642,1643
1642,177
1095,1094
1601,963
1601,1030
1601,1600
1601,1095
1601,965
1601,1035
1601,967
1601,1036
1601,1096
1644,377
1102,963
1102,1100
1102,1099
1102,1101
1102,965
1102,980
1102,981
1102,1103
1102,1645
1646,377
1629,1177
1108,963
1108,1106
1108,1105
1108,1107
1108,965
1108,980
1108,981
1108,1109
1647,510
1647,1648
1647,1649
1647,1650
1647,1651
1647,1652
1647,1647
1653,1115
1653,1654
1653,611
1653,1115
1653,201
1655,1656
1657,1658
1657,1659
1657,1660
1657,610
1657,1661
1662,1663
1662,1664
1662,1665
1666,1663
1666,1664
1666,1665
1667,536
1668,1669
1668,1663
1668,1670
1668,1665
1671,536
1672,1673
1672,1674
1672,1675
1676,558
1677,1678
1679,148
1679,1679
1679,1680
1679,1420
1679,1681
1682,1683
1259,1684
1259,1684
1685,431
1686,1687
1686,1688
1689,422
1690,111
1691,1160
1691,1161
1691,1692
1693,1691
1694,1695
1604,431
1604,1696
1697,1604
1697,1604
1698,1699
1700,1701
1700,1702
1700,1703
1700,1704
1700,1705
1706,1707
1708,4
1684,233
1709,1710
1711,1699
1712,1713
1714,787
1714,1174
1715,1714
1716,8
1717,566
1717,1718
1717,1663
1719,1720
1719,1721
1722,1723
1722,1724
1722,1725
1722,1726
1722,1727
1722,1728
1729,1730
1729,1731
1729,1732
1729,1733
1729,1734
1729,1735
1729,1736
1729,1737
1729,1738
1729,1739
1729,1740
1729,1741
1729,1728
1729,1724
1729,1742
1729,1743
1744,1729
1745,1746
1745,1747
1745,1748
1745,76
1745,1749
1745,1750
1745,1745
1751,174
1752,1753
1754,148
1754,1754
1754,1611
1755,1756
1757,1758
1759,1760
1745,11
1745,182
1745,1750
1745,1745
1761,1762
1761,1763
1761,680
1761,728
1761,1272
1761,1761
1761,11
1761,1763
1764,1765
1764,11
1764,914
1764,1764
1766,1767
1768,1769
1768,1770
1771,233
1772,1343
1772,1773
1772,1774
1772,1775
1772,1776
1772,1350
1772,1777
1778,1772
1779,1134
1779,1779
1779,912
1779,1780
1779,1781
1782,1783
1784,877
1785,422
877,875
1786,233
1787,1788
1787,728
1787,1787
1787,11
1789,1790
1791,1792
1793,1794
1795,1756
1796,598
1797,422
1798,233
1799,728
1799,1799
1799,11
1799,182
1800,1756
1801,580
1802,1803
1804,1805
1804,1806
1804,510
1804,1807
1804,1807
1804,1436
1804,1437
1808,1456
1809,1810
1809,1811
1812,422
1813,1799
1813,610
1813,611
1813,1451
1813,1814
1813,1815
1816,1813
1816,1813
1817,233
1818,1276
1818,45
1818,1819
1818,1820
1818,1821
1822,1818
1823,1799
1824,1825
1824,1825
508,1826
508,728
508,508
508,11
508,1827
508,1828
508,1267
508,508
1829,508
1829,508
1830,422
1831,233
1832,508
1833,328
1833,728
1833,1833
1833,11
1834,422
1835,233
1836,11
1837,1838
1839,1840
1839,1841
1839,1842
1839,1345
1840,1843
1844,598
1845,1846
1847,233
1848,11
322,1849
322,322
322,1850
322,791
322,313
322,317
322,318
322,319
322,320
322,321
322,323
322,324
322,325
322,201
1851,1852
1851,1853
1851,1854
1851,1855
1851,1856
1851,314
1851,1857
1858,1851
1859,1860
1859,1861
1859,1862
1859,1863
1859,1864
1859,1865
1866,1859
1867,1866
1868,1869
1869,132
1869,201
1869,1859
1869,1870
1869,1871
1869,1872
1873,322
1873,322
1874,1875
1876,1877
1878,233
1879,1880
1879,328
1879,1879
1879,11
1879,728
1879,1879
1881,1882
1881,1883
1881,1454
1881,1884
1282,1881
1282,1882
1282,1883
1282,1884
1885,233
1341,728
1341,1340
1341,1342
1341,1341
1341,11
1341,1345
1886,1887
1886,1888
1889,1889
1890,1889
1891,1341
1892,233
1893,328
1893,728
1893,1893
1893,11
1894,233
1895,45
1895,1896
1895,1087
1895,1432
1895,1897
1895,1898
1895,1899
1895,865
1900,132
1901,1902
1492,1276
1492,1489
1492,1490
1492,1505
1492,1487
1492,1491
1492,1493
1492,1494
1492,1903
1904,1905
1906,1904
1907,1908
1909,1907
1910,1911
1912,1910
1913,356
1914,1915
1916,1917
1918,1919
1920,1921
1922,1923
1922,1923
1924,1925
1924,1926
1927,1928
1927,1929
1927,1579
1930,1931
1930,1932
1930,1933
1930,1934
1930,1935
1930,1936
1930,1937
1938,1930
1939,1940
1941,1942
1943,1944
1943,1945
1946,1947
1599,1022
1025,963
1025,1023
1025,1024
1025,1948
1025,965
1025,980
1025,1026
1025,981
1031,1028
1031,1030
1031,1032
1034,963
1034,1028
1034,1029
1034,1031
1034,965
1034,1035
1034,967
1034,1036
1949,1950
1949,1950
1949,1951
1949,1952
1953,392
1954,1955
1956,1629
1956,1957
1956,1052
1958,1611
1959,1960
1961,1629
1961,1957
1961,1052
1961,1962
1963,1964
1963,1965
1963,1966
1963,1967
1963,1968
1969,356
1970,148
1970,1970
1970,1643
1970,169
1971,1972
1973,1974
1973,1975
1973,141
1957,1177
1957,1976
1977,1978
1977,1979
1980,1981
1980,1982
1983,1984
1983,1985
1983,1986
1983,1987
1983,1988
1983,1989
1983,1990
1983,1991
1983,1992
1983,1993
1994,1980
1260,1995
1260,1923
1260,1923
1996,1997
1998,431
1999,2000
2001,2002
2003,2004
2003,2005
2003,2006
2007,2003
2008,2009
2008,2010
2011,2012
2011,2013
2011,2014
2015,611
2015,2016
2015,2017
2015,1928
2016,2015
2016,2018
2016,2019
2016,611
2016,2018
2016,2020
2016,1928
2021,2016
2021,2016
2020,2020
2020,2016
2020,2017
2020,2022
2020,1005
2020,2023
2020,2024
2020,1928
2020,2025
2026,2027
2026,2026
2028,2029
2030,2031
2030,2032
2030,2033
2030,2034
2030,1290
2030,2035
2036,2030
2037,2038
2037,2039
2037,2040
2037,2041
2042,2037
2043,2044
2043,2045
2046,2047
2046,1770
2048,2049
2048,2050
2048,2051
2048,2052
2053,2054
2053,1260
2053,2054
2055,2056
2057,422
2058,1160
2058,1161
2058,2059
2058,2060
2058,2061
2062,2058
2063,2000
2064,2065
2064,2066
2064,2064
2064,2067
2068,787
2068,1174
2069,2068
2070,2071
2070,1750
2070,132
2070,2072
1180,1178
1180,1179
1180,1181
2073,2070
1995,2074
1995,233
1995,2074
2075,2076
2077,2078
2079,2080
2081,1995
2081,1995
2082,1995
2083,1995
2084,2085
2086,1745
2087,983
2087,2088
2087,2089
2090,2091
2092,1947
2093,2094
1083,2095
1083,132
1083,1147
1083,2096
1083,680
1083,1747
1083,2097
1083,1209
1083,76
1083,137
1083,534
1083,728
1083,8
1083,1212
1083,2098
1083,1083
1083,11
1083,182
1083,2099
1083,534
1083,1083
2100,305
2100,2101
2100,2102
2100,728
2100,2100
2100,11
2100,132
2100,600
2100,1431
2100,2103
2100,2104
2100,1432
2100,2105
2106,2107
2106,11
2108,2109
2110,243
2110,248
2111,2111
2111,222
2111,224
2111,250
2111,2112
2113,233
2114,45
2114,2115
2114,2116
2114,2117
2114,2118
2114,2119
2114,2120
2114,2121
2121,2121
2121,2122
2123,2114
2124,2125
2126,111
2126,132
2126,130
2126,2127
2128,2129
2130,2131
2132,2133
2132,2134
2132,45
2132,2135
2136,881
2137,2138
881,880
881,880
881,880
881,30
881,2100
2139,282
2139,233
2140,728
2140,2140
2140,11
2141,681
2141,2141
2141,2142
2141,132
2141,2143
2141,2144
2141,2145
2146,2147
2148,2149
2148,2150
2148,2151
2148,2152
2148,2153
2148,2154
2149,2155
2149,2156
2149,2157
2149,2158
2149,2159
2160,2149
2150,2149
2161,2148
2161,2150
2161,2150
2161,2154
2161,2162
2163,2161
2164,2164
2164,2150
2164,2150
2165,2161
2166,2165
2167,2148
2167,2148
2168,2169
2170,233
2171,11
2171,2172
2173,937
2173,132
2173,2174
2173,2175
2173,2176
2173,2177
2173,2173
2178,2173
2179,2180
2181,233
2182,728
2182,2182
2182,11
2183,233
2183,1189
2183,1190
2183,2183
2183,1189
2183,1190
2183,2183
2184,11
2185,2186
2187,233
1342,680
1342,2188
1342,1340
1342,1341
1342,1342
1342,11
1342,1345
1342,1827
1342,1828
2189,2189
2190,2189
2191,2188
2191,2192
2193,1342
2194,1342
2194,1342
2195,233
2196,728
2196,2196
2196,11
2197,233
2198,11
2199,2174
2199,2175
2200,2199
2201,233
2202,11
2203,2204
2203,2205
2203,2206
2207,2208
2209,233
2210,2211
2210,2210
2210,11
2210,2212
2210,2210
2213,2210
2213,1144
2213,181
2213,813
2213,2214
2213,2174
2213,2215
2213,2216
2213,2217
2213,2218
2213,2219
2213,2220
2221,2213
2221,2213
2222,233
2222,1189
2222,1190
2222,2222
2223,2224
2223,52
2223,75
2223,53
2223,54
2223,55
2225,2223
2225,2223
2226,52
2226,53
2226,54
2226,55
2227,2226
2227,2226
2228,52
2228,53
2228,54
2228,55
2229,2228
2229,2228
2230,52
2230,75
2230,53
2230,54
2230,78
2230,55
2231,2230
2231,2230
2232,2141
2233,2173
2234,1468
2234,75
2234,54
2235,2234
2235,2234
2236,52
2236,75
2236,53
2236,54
2236,55
2237,2236
2237,2236
2238,445
2238,2239
2238,1468
2238,2240
2238,75
2238,2241
2238,1498
2238,54
2238,2242
2238,78
2238,1499
2243,2238
2243,2238
2244,445
2244,2239
2244,2240
2244,2241
2244,2242
2245,2246
2245,2247
2245,2248
2245,2249
2245,2250
2245,2074
2251,2245
1493,1276
1493,1724
1493,2099
1493,1489
1493,1490
1493,1505
1493,1487
1493,1491
1493,1492
1493,1494
1493,2252
2253,52
2253,75
2253,53
2253,54
2253,55
2254,2253
2254,2253
2255,2256
2257,445
2257,2239
2257,1468
2257,2240
2257,75
2257,2241
2257,54
2257,2242
2257,78
2258,2257
2258,2257
2259,52
2259,75
2259,53
2259,54
2259,78
2259,55
2260,52
2260,2261
2260,75
2260,53
2260,54
2260,78
2262,2260
2262,2260
2263,2259
2263,2259
2264,52
2264,2261
2264,75
2264,53
2264,54
2264,78
2264,55
2265,2264
2265,2264
2266,445
2266,2239
2266,2240
2266,2241
2266,2242
2267,52
2267,75
2267,53
2267,54
2267,55
2267,2268
2269,2267
2269,2267
2270,52
2270,53
2270,54
2270,55
2271,1521
2271,68
2271,67
2271,54
2272,2271
2272,2271
2273,2270
2273,2270
2274,52
2274,75
2274,53
2274,54
2274,78
2274,55
2275,52
2275,2261
2275,75
2275,53
2275,54
2275,78
2275,55
2276,2275
2276,2275
2277,2274
2277,2274
2278,52
2278,75
2278,53
2278,76
2278,77
2278,78
2278,55
2279,2278
2279,2278
2280,1531
2280,52
2280,75
2280,53
2280,76
2280,78
2280,55
2281,2280
2281,2280
2282,2224
2282,52
2282,75
2282,53
2282,54
2282,55
2282,2283
2284,2282
2284,2282
2285,52
2285,75
2285,53
2285,54
2285,78
2285,55
2286,2285
2286,2285
2287,52
2287,75
2287,53
2287,54
2287,78
2287,55
2288,2287
2288,68
2288,67
2288,54
2289,2288
2289,2288
2290,2287
2290,2287
2291,52
2291,75
2291,53
2291,54
2291,78
2291,55
2292,2291
2292,2291
2293,52
2293,75
2293,53
2293,76
2293,77
2293,78
2293,55
2294,2293
2294,2293
2295,52
2295,75
2295,53
2295,76
2295,77
2295,78
2295,55
2296,2295
2297,356
2298,148
2298,2298
2298,1611
2299,2300
2301,148
2301,2301
2301,1222
2302,1563
2303,953
2303,954
2304,2305
2306,482
2306,2306
2306,2307
2308,545
2308,1579
2309,148
2309,2309
2309,174
2310,2311
2310,2312
2310,2311
2310,2313
2310,2314
2310,2315
587,2316
587,586
587,2317
587,585
587,2318
587,2319
587,2320
587,588
2321,2322
2321,2321
2323,2324
2323,2325
2323,2326
2323,2327
2328,2323
2329,2321
2329,2321
2330,2329
2331,2332
2333,148
2333,2333
2333,1611
2334,2307
2335,2329
1032,1028
1032,1030
1032,1031
1602,963
1602,1030
1602,1600
1602,1032
1602,965
1602,1035
1602,967
1602,1036
2336,2337
2338,392
2339,1611
2340,1611
2341,169
2342,1629
2342,1957
2342,1052
2342,2343
2344,2345
743,740
2346,356
2347,2308
2347,546
2347,542
2347,545
2347,546
2347,2348
2349,2347
2350,1629
2350,1957
2350,1052
2351,148
2351,2351
2351,1249
2352,1212
2353,2354
2355,1220
2356,719
2357,719
2358,510
2358,2359
2358,2360
2361,4
2361,2362
2363,2361
2364,2365
2366,545
2366,1260
2366,2367
2038,2037
2038,2041
2368,2038
2369,4
2369,1147
2369,2370
2371,4
2371,1147
2371,2370
2372,2373
2372,4
2372,1147
2372,2370
2374,2375
2374,182
2374,451
2374,2376
2374,2377
2378,422
2379,2374
2380,2381
2380,2382
2383,1160
2383,1161
2384,2383
2385,2386
2385,2125
2385,2386
2385,2387
2385,2386
2385,2388
2385,2389
2385,2390
2391,2385
1181,1178
1181,1179
1181,1180
2392,2393
2392,130
2392,123
2392,132
2394,2392
2395,1883
2395,2396
2397,1083
2398,2399
2400,2249
2400,233
2401,431
2402,2403
2402,1267
2402,1268
2402,2402
2404,2405
2406,610
2406,611
2406,2407
2406,2408
2406,1661
2409,2406
2409,2406
2410,4
1723,44
1723,2411
1723,1722
1723,1728
1723,1724
1723,2412
2413,1723
2414,2414
2414,2415
2414,2416
2414,2417
2414,2418
2414,2419
2414,2420
2414,1648
2414,2421
1728,44
1728,2422
1728,1736
1728,1724
1728,2423
1728,1722
1728,1729
1728,2424
2425,1728
2425,1728
2426,1728
1724,2427
1724,2428
1724,1729
1724,2429
1724,44
1724,1728
1724,2430
1724,1968
1724,2431
1724,1723
2432,1724
2433,1724
2433,44
2433,1723
2433,1728
2433,1724
2433,2434
2433,2435
2433,2436
2433,2437
2433,2430
2433,2438
2439,2433
2439,2433
2440,2441
2442,2407
2443,2444
2443,186
2443,186
2443,1747
2443,2445
2443,76
2443,137
2443,2443
2443,2446
2447,2448
2449,2450
2451,2452
2451,2453
2451,2454
2451,2455
2451,2456
2451,2457
2451,2458
2443,2459
2443,11
2443,1745
2443,182
2443,2460
2443,1272
2443,2461
2443,2462
2443,2444
2443,186
2443,2443
2443,2463
2443,2443
2464,2465
2464,680
2464,2464
2464,11
2464,2465
2466,2467
2466,11
2466,787
2466,2467
2468,685
2468,686
2469,2469
2469,222
2469,223
2469,224
2469,2470
2471,2109
2472,2473
2474,233
2475,2476
2477,2478
2479,2477
2480,2481
2482,2464
2482,2465
2482,2483
2482,2484
2485,2482
2486,887
887,30
887,886
2487,282
2487,233
2488,11
2489,2490
2489,45
2489,2491
2489,2492
2489,2493
2489,2494
2489,2495
2496,332
2496,2497
2496,2498
2496,335
2496,2499
2496,2500
2496,336
2496,2501
2496,2502
2496,2503
2504,2504
2504,11
2505,45
2506,2505
2507,2508
2507,1326
2507,2509
2507,2510
2510,2508
2510,1326
2510,2509
2510,2507
2511,2512
2511,2513
2511,2512
2511,2514
2515,728
2515,2515
2515,11
2516,1756
2517,11
323,787
323,2518
323,313
323,317
323,318
323,319
323,320
323,321
323,322
323,324
323,325
2519,323
2519,323
2520,2204
2520,2205
2520,2206
2521,2522
2521,728
2521,2521
2521,11
2521,1704
2521,4
2523,233
2524,11
2525,2526
2525,813
2525,1331
2527,2125
2527,130
2528,11
2529,11
2530,11
2531,719
2531,2532
2531,593
2531,2533
2531,2534
2531,1898
2531,2535
2531,2536
2537,356
2538,1915
2539,1932
2539,1931
2539,2540
2539,2541
2539,2542
2539,2543
2539,2544
2539,2545
2546,2547
2548,2443
2548,739
2548,542
2548,544
2548,545
2548,546
2548,742
2548,2549
2550,2548
1931,1930
1931,2539
1931,1932
1931,1933
1931,1934
1931,1936
1931,1937
2551,2552
2553,2554
2555,2556
2557,2558
2559,2560
2559,1423
2559,1423
2561,392
2562,169
2562,2563
2562,482
2562,160
2562,2564
2562,2565
2566,2567
2568,2566
2569,2570
2571,132
2571,2572
2571,45
2571,816
2573,356
2574,2575
2576,2577
2576,2578
2576,2579
2580,1411
2581,2582
2581,2583
2373,2443
2373,2370
2373,2370
2373,2099
2373,2584
2373,4
2373,2370
2585,422
2586,1276
2587,1160
2587,1161
2587,2588
2587,2589
2590,2587
2591,510
2591,2592
2591,2593
2594,2595
2594,2596
2594,2597
2598,2443
2558,2557
2599,2600
2599,233
2601,431
2602,2603
2604,2605
2606,2604
2607,1947
2608,2609
2610,2611
2612,2611
2613,2614
2615,2616
2617,2618
2617,76
2617,137
2617,534
2617,2617
2619,2620
2617,11
2617,182
2617,2621
2617,2622
2617,23
2617,2456
83,2623
83,2624
83,2625
83,11
83,182
83,2623
2626,2627
2628,542
2628,2629
2628,544
2628,545
2628,2630
2628,546
2628,742
2628,2631
2632,2628
2633,2634
85,0
85,83
85,44
85,2635
85,46
85,47
85,2636
85,49
85,84
2637,2638
2637,2639
2637,2640
2637,2637
2637,2641
2637,594
2642,891
2643,2644
891,83
891,30
891,890
2645,282
2645,233
2646,443
2646,2646
2646,11
2647,2648
2649,11
2650,1451
2650,2650
2650,2651
2650,1215
2650,11
2652,1756
2653,2654
2655,11
2656,580
2657,1803
2658,2659
2658,2660
2658,2661
2658,2662
2663,2658
2664,233
2665,1276
2665,1820
2666,2665
2667,11
2668,272
2669,233
2670,11
2671,11
2672,11
2672,2673
2672,2674
2672,2675
2676,2677
2676,1720
2676,2678
2676,2679
2676,2680
2676,2681
2682,2683
2682,11
2682,2684
2682,2684
2685,2682
2686,2687
2688,2686
2689,2682
2690,2682
2690,2682
2690,2682
2690,2682
2691,1468
2691,75
2691,1498
2691,54
2691,1499
2692,2691
2692,2691
2693,52
2693,2261
2693,75
2693,53
2693,54
2693,78
2693,55
2694,2693
2694,2693
1494,1276
1494,2695
1494,1489
1494,1490
1494,2456
1494,1487
1494,1491
1494,1492
1494,1493
2696,52
2696,75
2696,53
2696,54
2696,78
2696,55
2697,2696
2697,2696
2698,356
2318,2699
2700,1940
2701,2702
2701,2703
2701,1046
2704,2705
2706,392
2707,2708
2709,356
2710,2711
2712,422
2713,2617
2713,2714
2713,1131
2713,130
2713,2715
2713,2716
2713,2717
2713,2718
2713,2719
2713,2720
2721,2617
2721,610
2721,611
2721,2722
2721,2723
2724,2725
2726,2617
2726,2617
2727,2728
2727,2729
2727,233
2730,431
2731,2732
2733,610
2733,611
2733,2722
2733,2723
2434,2433
2734,2433
2427,44
2427,1724
2427,2428
2735,2433
2736,2433
2737,2738
2739,2740
2741,2742
2743,2744
2743,2745
2743,76
2743,137
2743,1210
2743,2743
2746,2747
2748,2749
2750,2751
2752,2753
2743,11
2743,182
2743,2744
2743,2743
2743,185
2743,186
2743,2743
2743,2754
2755,2756
2755,11
2755,2756
2757,2758
2759,2760
2761,895
895,2762
895,30
895,894
2763,282
2763,233
2764,11
2765,11
324,787
324,313
324,317
324,318
324,319
324,320
324,321
324,322
324,323
324,325
2766,324
2766,324
2767,1762
2767,186
2767,2768
2767,2769
2767,2770
2767,2767
2767,2771
2767,2772
2767,11
2773,1756
2774,40
2774,2775
2774,2776
2774,2777
2774,2778
2774,2744
2774,2779
2774,2780
2781,2774
2781,2774
2782,11
2783,40
2783,2775
2783,2776
2783,2777
2783,2784
2783,2785
2783,2778
2783,2744
2783,2780
2786,2783
2786,2783
2787,328
2787,2787
2787,11
2788,40
2788,2789
2790,2788
2791,2792
2793,2760
2794,233
2795,11
2796,1316
2797,2798
2799,11
2799,728
2799,2799
2800,40
2800,2801
2800,2802
2800,2803
2800,2804
2805,2800
2805,2800
2806,2807
2806,1154
2806,1827
2806,1828
2806,2188
2806,2808
2809,2806
2809,2806
2810,2806
2811,2522
2811,728
2811,2811
2811,11
2812,2813
2812,2814
2812,2815
2812,2816
2812,2817
2818,2812
2819,2820
2821,2819
2822,2823
2246,1276
2246,2245
2246,2247
2246,2248
2246,2824
2246,2825
2246,2728
2246,2250
2826,2246
2827,2828
2827,2829
2827,2458
2827,2830
2827,2780
2831,356
2832,2833
2834,2835
2836,2834
2837,580
2837,111
2837,2838
2837,580
358,357
358,359
358,360
2839,2840
2841,392
2842,356
2843,2844
2843,2845
2843,2846
2843,2847
2843,2843
2843,2848
2849,2843
2850,422
2851,2852
2853,2743
2853,2854
2855,2825
2855,233
2856,2857
2858,431
2859,2860
2861,2848
2861,2843
2862,2861
1212,443
1212,2863
1212,2864
1212,137
1212,534
1212,8
1212,1083
1212,1212
2865,111
2865,1154
2865,2866
2865,2867
2865,2868
2865,2869
2865,2870
2865,2871
2865,2872
2865,2873
1212,11
1212,2354
1212,132
1212,1147
1212,2874
2875,2876
2875,11
2875,2876
2877,2878
2879,2880
2881,685
2881,244
2882,2882
2882,222
2882,224
2882,231
2882,2883
2882,2884
2885,936
2885,2886
2885,937
2885,37
2887,2885
2887,2885
2888,2889
2888,2890
2888,2891
2892,2888
2893,2888
2893,2888
2894,2895
2896,2897
2896,2894
2896,2898
2896,2899
2896,2900
2901,1762
2901,2902
2901,2903
2901,2904
2901,2899
2905,2906
2907,2908
2909,902
902,30
902,901
2910,282
2910,233
2911,11
2912,2913
2914,2913
2914,1678
2915,2916
2917,11
2918,2919
2918,2920
2918,11
2921,11
2922,11
2923,2924
2925,2926
2927,111
2927,2928
2927,2929
2927,2930
2927,2931
2928,2927
2928,111
2932,233
2933,1960
2933,2934
2933,11
2933,2935
2933,2936
2933,2937
2933,2938
2933,2939
2933,2940
2933,2941
2933,2942
2933,2943
2933,2935
2933,2944
2933,1960
2933,2941
2945,2933
2945,2933
2946,2933
2946,2933
2947,2933
2947,2933
2948,11
2949,1762
2949,2950
2949,2951
2949,2952
2949,2953
2949,11
2949,182
2949,2954
2949,2955
2949,2956
2949,2957
2958,2959
2958,2960
2958,2961
2958,2962
2958,2963
2958,2964
2965,2966
2967,2968
2969,2949
2969,2949
2970,11
2971,356
2972,2973
2972,2974
2972,132
2972,2975
2972,2976
2972,2977
2972,2978
2972,2979
2972,2980
2972,2981
2972,1432
2972,2982
2983,580
2983,2984
2983,111
2983,1276
2983,737
2983,2837
2983,580
2983,2985
2986,953
2986,954
2987,2305
2988,1212
2988,739
2988,542
2988,2989
2988,2990
2988,544
2988,545
2988,546
2988,2991
2992,2988
2319,586
2319,585
2319,587
2319,2320
2319,588
2993,2994
2995,2996
2997,2998
2997,2999
2997,3000
2997,392
3001,3002
3001,3003
3004,356
3005,1020
3005,1020
3005,2452
3005,1841
3005,3006
3005,1157
3007,3005
3007,3005
3008,3009
3010,3011
3012,422
3013,3014
3015,3016
3017,2978
3017,233
3018,431
3019,3020
3021,3022
3023,610
3023,611
3023,3024
3023,1660
3025,3023
3025,3023
2436,2433
3026,2433
2428,44
2428,1724
2428,2427
3027,3028
3027,601
3027,3029
3027,3030
3027,1432
3027,3031
3027,3032
3027,3033
3027,3034
3027,2964
3027,3035
3036,2428
3037,2433
3038,2433
3038,2428
3038,2428
3038,44
3038,2428
3038,2438
3038,3039
3038,2433
3038,2736
3040,3038
3041,3042
3043,3044
3043,680
3043,3045
3043,137
3043,3043
3043,11
3043,3044
3043,3043
3046,3047
3046,3048
3046,680
3046,728
3046,3046
3046,11
3046,3047
325,3049
325,787
325,313
325,317
325,318
325,319
325,320
325,321
325,322
325,323
325,324
2886,943
2886,2885
2886,3050
2886,937
2886,37
3051,2886
3051,2886
3052,3053
3054,325
3054,325
3055,3056
3055,3057
3055,385
3058,3059
3058,476
3058,132
3058,3060
3061,3058
3062,3063
3064,3065
3066,3067
3068,822
3069,272
3070,3071
3070,3072
3070,141
822,30
822,278
822,920
3073,282
3073,233
3074,3075
3074,3076
3074,3077
3074,3078
3074,739
3074,1870
3074,3079
3074,3080
3074,3081
3074,3082
3074,3083
3074,3084
3074,3085
3086,3087
3086,728
3086,3086
3086,11
17,15
17,3088
17,44
17,3089
17,3089
17,1884
3090,17
3090,17
3091,17
3091,17
3092,17
3092,17
3092,17
3093,3089
3094,186
3094,3094
3094,3095
3094,1215
3094,11
3096,3089
3097,11
3098,3089
3099,3048
3099,728
3099,3099
3099,11
3100,2926
3101,277
3102,3103
3102,11
3104,233
3105,11
3106,3089
3107,795
3107,3107
3107,1857
3107,11
3108,186
3108,3108
3108,3109
3108,11
3110,680
3110,3110
3110,11
3110,1807
3110,35
3110,3111
3112,3113
3112,3114
3112,3115
3112,3116
3117,3110
3118,3119
3088,3120
3088,3121
3088,3122
3088,702
3088,3123
3088,3124
3088,3088
3125,3088
3125,3088
3126,1404
3126,45
3126,20
3126,816
3126,3127
3126,3128
2247,1276
2247,2245
2247,2248
2247,2824
2247,3129
2247,1819
2247,3130
2247,3131
2247,2250
3132,2247
3133,356
3134,3135
3136,392
3137,356
3138,3139
3138,3140
3138,3141
3138,3142
3143,3138
3144,3145
3146,3147
3148,3149
3150,3151
3152,422
3153,1887
3154,1669
3155,1669
3156,233
3157,431
3158,3159
3160,3161
3162,3163
3164,3165
3166,3167
3168,3169
3170,3171
3172,3173
3174,3175
3174,3176
3174,3177
3174,3178
3174,3179
3174,3180
3174,3181
3174,3182
3174,3183
3174,3184
3174,3185
3174,3186
3174,3187
3174,3188
3174,2950
3174,3189
3174,3190
3174,121
3174,3191
3174,3192
3174,3193
3174,3194
3174,3195
3174,3196
3174,3197
3174,1849
3174,3195
3174,3198
3174,3199
3174,40
3174,732
3174,3200
3174,3201
3174,3202
3174,512
3174,181
3174,3203
3174,983
3174,1276
3174,3204
3174,3205
3174,3206
3174,132
3174,3207
3174,3208
3174,122
3174,6
3174,3209
3174,3210
3174,3211
3174,3212
3174,3213
3174,3214
3174,3215
3174,3186
3174,3216
3174,3217
3174,3209
3174,3218
3174,2950
3174,3219
3174,202
3174,3220
3174,3221
3174,3222
3174,3223
3174,3224
3174,3225
3174,3226
3174,3227
3174,3228
3174,3229
3174,3230
3174,1934
3174,3231
3174,3232
3174,121
3174,3233
3174,1186
3174,3234
3174,2099
3174,3235
3174,3236
3174,3237
3174,3238
3174,3239
3174,2714
3174,3240
3174,3241
3174,3242
3174,3243
3174,3244
3174,3245
3174,3246
3174,3247
3174,3248
3174,3249
3174,1849
3174,3250
3174,3195
3174,3251
3174,3252
3174,3253
3174,3254
3174,3255
3174,3256
3174,1206
3174,3257
3174,3258
3174,3208
3174,3259
3174,3174
3174,3260
3174,3261
3174,3262
3174,3263
3174,183
3174,3264
3174,3265
3174,3266
3174,3267
3174,3268
3174,1849
3174,3269
3174,3270
3174,3271
3272,3273
3274,3275
3276,3277
3278,3279
3280,3174
3281,3282
3283,787
3283,45
3284,3285
3284,3286
3284,3287
3284,3288
3284,3289
3284,2009
3284,3290
3291,3292
3291,3293
3291,3294
3295,3296
3295,3296
3295,3297
3298,3299
3300,3301
3302,3303
3304,3305
3304,3306
3307,3308
3307,3218
3307,3309
3307,3310
3311,431
3312,3313
3312,3314
3312,592
3312,3315
3312,3313
3312,3314
3312,3226
3312,3316
3312,3317
3312,3318
3319,3320
3321,3322
3323,3324
3325,3326
3327,3115
3327,3328
3329,3330
3331,3332
3332,3264
3333,3332
3334,3335
3334,3335
3174,3336
3174,3337
3174,3338
3174,3339
3174,3340
3174,3341
3174,3342
3174,3343
3174,3344
3174,3345
3174,3346
3174,3347
3174,3348
3174,3349
3174,3350
3174,3219
3174,3351
3174,3352
3174,3353
3174,3354
3174,3355
3174,3356
3174,3357
3174,3358
3174,3359
3174,3360
3174,3361
3174,3362
3174,3363
3174,3364
3174,3365
3174,3366
3174,3367
3174,3368
3174,1388
3174,3369
3174,732
3174,963
3174,3370
3174,182
3174,3371
3174,132
3174,3372
3174,3373
3174,3374
3174,3375
3174,3376
3174,3377
3174,3378
3174,3379
3174,3213
3174,3380
3174,2115
3174,3381
3174,3382
3174,3383
3174,3384
3174,3385
3174,3386
3174,3387
3174,3341
3174,3388
3174,2889
3174,3389
3174,3390
3174,3391
3174,3392
3174,3393
3174,3315
3174,3394
3174,1896
3174,3395
3174,328
3174,3396
3174,2776
3174,3397
3174,3398
3174,3399
3174,3345
3174,3346
3174,3400
3174,3401
3174,3402
3174,3403
3174,3262
3174,3404
3174,3405
3174,3406
3174,183
3174,3407
3174,3408
3174,3349
3174,3409
3174,3410
3174,3411
3174,3412
3174,3413
3174,3414
3174,3353
3174,3415
3174,3354
3174,3416
3174,3417
3174,3355
3174,2134
3174,3220
3174,3418
3174,3419
3174,3420
3174,3421
3174,3290
3174,3422
3174,3423
3174,3424
3174,3425
3174,3120
3174,3426
3174,3427
3174,3428
3174,3429
3174,3430
3174,3431
3174,680
3174,40
3174,3432
3174,1860
3174,3224
3174,3433
3174,3434
3174,3435
3174,2620
3174,3436
3174,3437
3174,3438
3174,3439
3174,3440
3174,3441
3174,3442
3174,3443
3174,3444
3174,3445
3174,3446
3174,3447
3174,3448
3174,3449
3174,1388
3174,3450
3174,3451
3174,3452
3174,3453
3174,3454
3174,3260
3174,3174
3174,3455
3174,3456
3174,3457
3174,3458
3174,3459
3174,3460
3174,3461
3174,183
3174,3462
3174,3084
3174,3174
3174,3463
3174,3174
3174,3464
3174,3174
3174,3465
3174,3466
3174,3174
3174,2463
3174,3467
3174,3174
3174,3468
3174,3469
3174,3369
3174,3470
3174,3471
3174,132
3174,3472
1658,1659
1658,3473
1658,1660
1658,1661
1658,3474
1658,3475
1658,3476
63,2675
63,3477
63,63
63,3478
63,3467
63,1193
63,1659
63,1660
63,610
63,1661
63,62
63,52
63,53
63,54
63,55
3479,1659
3479,1660
3479,1661
3479,610
3480,3481
3480,3482
3480,3483
3480,3484
3480,3485
3480,3486
3480,3487
3488,3489
3488,1261
3490,3488
3489,1932
3489,1261
3491,3489
3492,3493
3492,3494
3492,3495
3492,610
3496,111
3496,3497
3496,2389
3496,3498
3496,3499
3500,3496
3501,201
3502,1981
3502,3503
3504,3502
3505,8
3505,1981
3505,3503
3506,3505
3507,3508
3507,111
3507,3509
3507,3510
3511,3507
3512,3513
3512,2317
3512,35
3512,1659
3512,1660
3512,610
3512,1661
3512,3514
3515,1981
3515,1982
3516,3515
3517,3512
3518,1659
3518,1660
3518,1661
3518,3519
3518,610
3518,2317
3518,35
3518,3520
3521,3174
3521,3442
3521,3522
3521,3523
3521,1819
3521,3524
3521,3525
3521,3526
3527,1659
3527,1660
3527,1661
3527,610
3528,1659
3528,1660
3528,1661
3528,610
3529,2924
3530,3531
3532,1659
3532,1660
3532,1661
3532,610
3533,3534
3533,2354
3533,1659
3533,1660
3533,1661
3533,610
3533,3535
3533,3536
3533,925
3537,1659
3537,1660
3537,1661
3537,610
3538,2673
3538,3539
3538,182
3538,3540
3538,3541
3538,1701
3538,3542
3538,182
3538,3543
3538,1701
3538,3542
3538,2326
3538,3544
3538,3545
3541,3546
3541,3174
3541,3547
3541,3548
3541,3549
3541,983
3541,182
3541,3550
3541,3538
3541,3548
3541,40
3541,732
3541,1932
3541,3201
3541,3551
3541,512
3541,181
3541,3552
3541,3553
3541,983
3541,182
3541,3543
3541,2312
3541,169
3541,3554
3541,3555
3541,3556
3541,574
3541,3557
3541,1720
3541,35
3541,45
3541,3558
3541,3559
3541,141
3541,3560
3541,3286
3541,3561
3541,3562
3541,2611
3541,3563
3541,3564
3541,732
3541,3565
3541,925
3541,3566
3541,3567
3541,3568
3541,3569
3541,3570
3541,3571
3541,3572
3541,3573
3541,3550
3541,3574
3541,2673
3541,3575
3541,3286
3541,3576
3541,3577
3541,3578
3541,3579
3541,450
3541,3541
3541,3580
3541,3541
3541,3580
3541,3541
3541,3581
3541,3541
3541,3580
3541,3541
3582,3583
3584,3585
3584,3586
3584,3587
3584,3588
3584,3589
3590,111
3590,3591
3590,3592
3593,3590
3594,3174
3594,3595
3594,937
3594,787
3594,201
3594,3596
3594,3567
3594,3597
3594,3598
3594,613
3594,795
3594,181
3594,3553
3594,983
3594,182
3594,2312
3594,3556
3594,45
3594,3599
3600,3583
3601,3602
3603,3604
3605,641
3605,132
3605,3565
3605,3606
3605,2717
3605,3607
3605,3608
3609,3605
3610,3611
3610,3611
3612,3613
3614,3615
3616,3617
3618,3619
3620,3621
3622,3623
3622,795
3622,3622
3622,3624
3625,3594
3626,181
3627,3628
3627,182
3629,3627
3630,182
3631,3370
3631,3632
3633,45
3634,182
3635,182
3636,3635
3637,3638
3637,3639
3640,3637
3641,3642
3643,3644
3643,3645
3643,3646
3647,3630
3648,40
3649,40
3649,182
3650,3651
3650,3652
3650,3653
3650,865
3654,182
3655,3654
3656,3657
3656,3658
3656,3656
3656,3659
3656,3658
3656,3660
3656,3656
3661,3662
3663,182
3664,3665
3666,182
3667,3649
3668,3669
3670,3667
3671,182
3671,2326
3672,3671
3673,182
3674,3673
3675,3676
3675,3677
3675,1932
3675,181
3678,3679
3678,3676
3678,3680
3678,3675
3678,3677
3678,3681
3678,3679
3682,3678
3682,3678
3683,182
3684,3683
3685,182
3686,3687
3688,3689
3690,3685
3691,3692
3691,3693
3694,3695
3696,3675
3697,182
3697,45
3698,3699
3698,3700
3698,3701
3702,3703
3702,3704
3702,3705
3702,3706
3702,3707
3702,3708
3702,3703
3702,3704
3702,3709
3702,3707
3702,3710
3702,3710
3711,3702
3711,3702
3711,3702
3712,3702
3712,3702
3712,3702
3713,3712
3714,3702
3714,3702
3714,3702
3714,3702
3715,40
3716,3717
3718,3719
3718,3720
3718,3721
3722,1652
3722,3722
3722,3723
3722,3724
3722,1276
3725,3726
3725,3727
3725,3728
3725,3729
3725,3730
3725,3731
3725,3732
3725,3733
3725,3734
3725,3735
3725,3736
3725,3733
3725,3580
3725,3725
3726,3725
3726,3727
3726,3729
3727,3725
3727,3726
3727,3729
3737,3738
3737,3739
3740,3741
3740,3742
3740,3740
3740,3742
3740,3742
3743,3657
3743,3658
3743,3743
3744,3745
3744,3746
3744,3745
3744,3746
3744,3747
3744,3748
3744,3057
3749,3750
3751,3752
3751,3753
3751,3754
3751,3755
3756,3751
3756,3751
3756,3752
3757,3758
3759,3725
3759,3725
3760,3761
3762,3763
3762,181
3762,182
3762,3764
3762,3765
3762,3766
3762,3767
3762,3768
3769,3770
3771,3772
3773,4
3774,3762
3774,3775
3774,45
3774,3762
3776,3777
3776,43
3776,363
3776,3778
3776,3779
3776,2458
3780,3781
3780,3782
3780,3783
3784,3780
3785,3780
3786,3787
3788,3789
3790,3322
3790,3201
3791,3789
3792,3789
3792,3793
3792,3794
3792,3795
3796,3792
3796,3792
3797,3798
3799,3800
3799,3801
3799,3802
3799,111
3799,3513
3799,182
3799,1276
3799,3555
3799,3803
3799,1483
3799,3804
3799,3766
3799,3805
3799,3802
3799,3580
3799,3799
3799,3580
3799,3799
3799,3580
3799,3799
3806,3805
3806,3807
3808,3809
3808,3809
3810,3811
3812,3813
3812,3814
3812,3815
3812,3816
3812,3817
3812,132
3812,45
3812,1098
3812,3182
3812,3182
3812,3818
3812,3819
3812,3820
3812,3821
3812,3822
3812,3182
3812,3823
3812,3824
3812,3825
3812,3826
3812,3827
3812,3828
3812,3829
3812,3830
3812,3814
3812,3831
3812,3832
3812,3815
3812,3833
3812,3834
3812,3835
3812,3836
3812,3837
3812,3838
3812,3812
3812,3839
3812,3840
3841,3812
3841,3812
3842,3812
3842,3812
3842,3812
3843,3182
3843,3182
3843,3844
3843,3843
3843,1098
3843,3845
3843,3846
3843,3182
3843,3182
3843,3818
3843,3812
3843,3846
3843,3822
3843,3182
3843,3824
3843,3847
3843,3846
3843,3848
3843,3843
3843,3849
3850,3843
3850,3843
3850,3843
3802,3580
3802,3851
3802,3799
3802,3802
3802,3799
3802,3805
3852,3802
3807,3853
3807,3805
3807,3807
3807,3854
3807,3805
3807,3855
3856,3623
3857,3858
3857,3858
3857,3857
3857,3742
3857,3859
3857,3857
3857,3860
3857,3580
3857,3861
3857,3580
3857,3857
3862,3863
3862,3864
3862,3865
3866,3867
3868,681
3868,3869
3868,3870
3868,3871
3868,3868
3868,1187
3868,3872
3868,187
3873,3874
3873,3875
3873,3876
3877,3874
3874,3878
3874,3879
3880,3873
3881,3868
3882,181
3882,3883
3882,3884
3882,3885
3882,3886
3887,3868
3887,3888
3887,3889
3887,3782
3887,3890
3887,3891
3887,3892
3887,3893
3887,3894
3887,3581
3887,3895
3887,3896
3887,3897
3887,3898
3887,3899
3887,3900
3901,3887
3902,3868
3868,3903
3868,3904
3868,3905
3868,3871
3868,3906
3868,3907
3868,967
3868,3908
3868,3909
3868,3868
3910,3911
3910,3910
3912,3912
3913,3868
3913,3914
3913,3868
3913,3915
3916,3913
3916,3917
3918,3868
3918,965
3918,3868
3918,3919
3920,3918
3921,3868
3921,3919
3922,3921
3923,3868
3923,3868
3924,3925
3926,2322
3926,3926
3926,3927
3928,3551
3928,3928
3928,3929
3928,3930
3928,3551
3928,3931
3928,3932
3928,3933
3928,3934
3928,3935
3936,3937
3938,3936
3937,3939
3937,3940
3937,3941
3937,3942
3937,3943
3937,3944
3945,3937
3946,3789
3947,3948
3560,3541
3560,3949
3560,3950
3560,3951
3560,1701
3560,43
3560,3952
3560,3953
3560,3954
3560,3955
3560,983
3560,182
3560,3554
3560,3555
3560,3556
3560,3956
3560,3957
3560,3541
3560,3958
3959,3960
3959,3961
3959,3962
3963,3939
3963,3964
3963,3965
3966,182
3967,3968
3967,256
3969,3967
3969,256
3968,3970
3968,256
3968,3971
3972,3968
3972,3968
3973,3974
3973,3962
3975,3589
3976,3977
3976,3978
3979,3976
3980,3981
3980,3982
3983,3553
3983,787
3983,45
3984,3983
3985,182
3985,3986
3985,3494
3987,3985
3988,3985
3989,3985
3990,3985
3991,3985
3992,3985
3993,3985
3994,3985
3995,3985
3996,3985
3996,3985
3996,3987
3996,3988
3996,3989
3996,3990
3996,3991
3996,3992
3996,3993
3996,3994
3996,3995
3996,3997
3996,3998
3996,3999
3996,4000
3997,3985
4001,4002
4001,4003
4001,4004
4001,4005
4001,4006
4001,4007
4008,4001
4009,4010
4009,4011
4012,1718
4012,4013
4012,4014
3998,3985
3998,4015
4016,1701
4017,182
4018,4019
4020,4018
4020,4018
3210,4021
3210,4022
3210,4023
3210,4024
3210,3337
3210,3076
3210,4025
3210,4026
3210,3194
3210,4027
3210,4028
3210,3554
3210,4029
3210,4030
3210,3076
3210,4031
3210,4032
3210,4033
3210,4034
3210,4022
3210,4035
3210,4036
3210,4037
3210,732
3210,2673
3210,4038
3210,4039
3210,4040
3210,4041
3210,4037
3210,4042
3210,3076
3210,4043
3210,4044
3210,4045
3210,3229
3210,1404
3210,2458
3210,4046
3210,3552
3210,4022
3210,3076
3210,4047
3210,4048
3210,132
3210,4024
3210,4035
3210,4049
3210,45
3210,4050
3210,3456
3210,4022
3210,4051
3210,4052
3210,3459
3210,3123
3210,4053
4054,4055
4056,4055
4057,1267
4057,4057
4057,4058
4057,4059
4060,4061
4062,4022
4062,4063
4062,4064
4065,4066
4065,4067
4068,4069
4068,431
4070,35
4070,4071
4070,385
4072,431
4073,4074
4074,431
4074,3957
4074,4075
4076,431
4076,4077
4076,4078
4076,4079
4076,4080
4069,4068
4069,431
4069,4033
4069,4081
4069,4082
4083,3553
4029,3549
4029,4084
4029,4085
4029,4086
4029,4087
4029,4088
4029,4089
4029,4090
4029,4091
4029,4092
4029,4093
4094,4095
4096,4097
4096,132
4096,35
4096,4098
4099,4100
4099,4101
4099,4102
4099,4103
4104,4102
4105,4106
4105,181
4105,4107
4105,4108
4105,4109
4105,4110
4105,4111
4105,4112
4105,4113
4105,4114
4105,4115
4116,4117
4116,4118
4116,4119
4120,4121
4120,4122
4120,4120
4120,4123
4120,4124
4120,4125
4120,4126
4120,4127
4120,4121
4120,4128
4120,4129
4120,4130
4120,4131
4120,4132
4120,4133
4120,4134
4120,4135
4136,1276
4136,4137
4138,4139
4140,4141
4140,4142
4140,4143
4140,3827
4140,4144
4140,4142
4140,476
4140,4145
4140,4146
4140,4147
4140,4148
4140,4149
4150,4140
4151,4140
4152,4140
4153,4154
4153,4155
4156,4157
4156,4158
4159,4156
4160,4156
4161,4160
4162,4163
4162,182
4162,4164
4162,4165
4162,4166
4162,4167
4168,4169
4170,4153
4171,111
4171,4172
4171,4173
4174,4175
4174,4176
4174,4177
4174,4178
4174,4175
4174,4179
4180,4174
4180,4174
4181,4182
4183,482
4183,4183
4183,4184
4183,4185
4183,4185
4186,4187
4186,4188
4189,4186
4190,4191
4190,4191
4190,4191
4190,4192
4193,4194
4193,4194
4195,4045
4195,4196
4195,4045
4195,4045
4197,4195
4197,4195
4197,4195
4198,4195
4198,4195
4198,4195
4199,4195
4199,4195
4199,4195
4200,4195
4200,4195
4200,4195
4201,4200
4201,4200
4201,4200
4202,4203
4202,4203
4203,4191
4203,4204
4203,4205
4203,4206
4207,4203
4208,4191
4208,4191
4208,4209
4208,4210
4211,4208
4211,4208
4211,4208
4212,4213
4212,4191
4212,4214
4212,4215
4212,4191
4212,4216
4212,4217
4212,4218
4212,4219
4212,4220
4212,2659
4212,1854
4212,4221
4212,4222
4212,4223
4212,4224
4225,4212
4225,4212
4225,4212
4226,4212
4227,4228
4229,4230
4229,4231
4229,4232
4233,4234
4233,4235
4233,4236
4237,181
4237,4238
4237,4239
4237,4240
4241,4237
4242,4243
4244,4171
4244,4171
4245,4246
4247,4248
4247,4249
4247,4250
4247,4251
4252,4247
4253,4254
4255,4253
4255,4256
4255,4257
4258,4245
4259,4260
4259,4260
4259,4261
4259,4262
4263,4259
4263,1098
4263,1272
4263,790
4263,4262
4264,431
4264,4246
4264,1098
4264,4265
4264,4266
4264,4267
4264,4268
4264,4269
4246,431
4246,4267
4246,4270
4246,4271
4246,4272
4246,4269
4273,4246
4273,4246
4273,4246
4274,4204
4274,4204
4204,4203
4204,4275
4204,4276
4191,4277
4191,4278
4191,4191
4191,3888
4191,4279
4191,4280
4191,4281
4191,141
4191,4208
4191,4282
4191,4283
4191,4284
4191,4285
4191,4286
4191,4287
4191,4288
4191,4289
4191,4290
4191,4291
4191,4292
4191,4293
4191,4294
4191,4295
4191,4296
4191,4209
4191,4297
4191,610
4191,4298
4191,4299
4191,4300
4301,4191
4192,4191
4192,4191
4192,4191
4302,4164
4302,4303
4302,4304
4302,4305
4302,4306
4302,4307
4308,4309
4308,4310
4308,4311
4308,4309
4312,4302
4312,4302
4313,4314
4314,4314
4314,4142
4314,4315
4314,4316
4314,4317
4314,4318
4314,4319
4314,4320
4314,4321
4322,4314
4322,4314
4323,4324
4323,4324
4325,4326
4327,4328
4329,4327
4330,4314
4331,4332
4333,2675
4333,4334
4333,4335
4336,4333
4337,4338
4337,4216
4337,3174
4337,4339
4337,3215
4337,4340
4337,2659
4337,4339
4337,3215
4337,4218
4337,2023
4337,4341
4337,4342
4337,4343
4337,4339
4337,4344
4337,4213
4337,4218
4337,4219
4337,2659
4337,4339
4337,4343
4337,4339
4337,4218
4337,4219
4337,4223
4337,4345
4337,2777
4337,4346
4337,2777
4337,4213
4337,3215
4337,4347
4337,4348
4337,4349
4350,4337
4351,4352
4351,4353
4351,4354
4351,4355
4356,3974
4356,4357
4358,4359
4358,3248
4360,3863
4360,4361
4360,4362
4360,4363
4360,4364
4365,4360
4365,4360
4366,35
4366,35
4367,3974
4367,4368
4369,4370
4369,4370
4371,4372
4373,4371
4373,4371
4374,4375
4374,4376
4374,4377
4374,4378
4379,4374
4380,4381
4382,4174
4383,4384
4383,4385
4383,3557
4386,4382
4386,4382
4387,4388
4389,4390
4389,4391
4389,4392
4389,4393
4389,2326
4389,4394
4389,3028
4395,4396
4397,4395
4396,4388
4396,256
4396,4398
4396,4399
4400,4396
4401,4174
4402,4401
4403,4404
4403,4405
4403,4406
4403,4407
4403,4050
4408,4403
4408,4403
4408,4403
4409,4403
4409,4403
4409,4403
4410,4403
4410,4403
4410,4403
4411,4403
4411,4403
4411,431
4411,4410
4411,4406
4411,4412
4413,4411
4413,4411
4414,4415
4414,4416
4414,4417
4414,4418
4414,43
4414,937
4414,4417
4414,4419
4414,4420
4414,4421
4414,4422
4414,4423
4414,4424
4414,4425
4414,4426
4414,4427
4414,4421
4414,1326
4414,4414
4414,4428
4429,4414
4429,4414
4429,4414
4430,4431
4228,482
4228,4228
4228,4432
4228,4433
4228,4434
4435,169
4435,4436
4435,4437
4438,4439
4438,4439
4438,4439
4439,3262
4439,3262
4439,4438
4439,3262
4439,4440
4439,4441
4439,4442
4439,4443
4439,4444
4445,4439
4445,4439
4446,4438
4446,4438
4447,4448
4447,3965
4447,4449
4450,4451
4450,4452
4450,4453
4454,3174
4454,4455
4454,4456
4454,4457
4454,4458
4454,3903
4454,4456
4454,4459
4454,4460
4454,4461
4454,4462
4454,4463
4464,4454
4465,4454
4466,4465
4467,4450
4467,4450
4467,4450
4468,4469
4470,4450
4470,4450
4470,4450
4451,4471
4451,4472
4451,4473
4451,4474
4451,4475
4451,4476
4451,4477
4451,4478
4451,4479
4451,4480
4451,4481
4451,4482
4451,4483
4451,4484
4451,4485
4451,4486
4451,4487
4451,4488
4451,2937
4451,4489
4451,4490
4451,4491
4451,4492
4451,4493
4451,4494
4451,4495
4451,4496
4451,4497
4451,4498
4451,4499
4451,4500
4451,4501
4451,1368
4451,4502
4451,4503
4451,4504
4451,2376
4451,4505
4451,4506
4451,4507
4451,4508
4451,4509
4451,4510
4451,4511
4451,4512
4451,4513
4451,4514
4451,4515
4451,4516
4451,4517
4451,4518
4451,4519
4451,4520
4451,2588
4451,4499
4451,4521
4451,4522
4451,4523
4451,4515
4451,4513
4451,4516
4451,4524
4451,4525
4451,4526
4451,4527
4451,4528
4451,4487
4451,4493
4451,4529
4451,4530
4451,4498
4451,4531
4451,4532
4451,4533
4451,4534
4451,1368
4451,4535
4451,4536
4451,4503
4451,4537
4451,4505
4451,4538
4451,4509
4451,4514
4451,4539
4451,4518
4451,4540
4451,4541
4451,4542
4451,4543
4451,4544
4451,4545
4451,4546
4451,4479
4451,4547
4451,4519
4451,4548
4451,4549
4451,4452
4451,4550
4451,4487
4451,4551
4451,4489
4451,4552
4451,4453
4451,4553
4451,4498
4451,4533
4451,4554
4451,4555
4451,4556
4451,2376
4451,4537
4451,4505
4451,4557
4451,4558
4451,4509
4451,4559
4451,4050
4451,4560
4451,4518
4451,4486
4451,4561
4451,4562
4451,4526
4451,4527
4451,4563
4451,4487
4451,4551
4451,4564
4451,4565
4451,4485
4451,4498
4451,4531
4451,4533
4451,4501
4451,1368
4451,4503
4451,4537
4451,4505
4451,4538
4451,4566
4451,4567
4451,4509
4451,4517
4451,4568
4451,4518
4451,4569
4451,4569
4451,4570
4451,4571
4451,4514
4451,2937
4451,2937
4572,4451
4572,4455
4572,4519
4455,4573
4455,4574
4455,4575
4455,4576
4455,4577
4455,4578
4455,4579
4455,4580
4455,4581
4455,4582
4455,4583
4455,4584
4455,4585
4455,4586
4455,4587
4455,4588
4455,4589
4455,4590
4455,4591
4455,4592
4455,4593
4455,4594
4455,4595
4455,4596
4455,4597
4455,4598
4455,4599
4455,4600
4455,4451
4455,4451
4455,4451
4455,4451
4455,4601
4455,4602
4455,4603
4455,4604
4455,4605
4455,4606
4455,4607
4455,4608
4455,4609
4455,4610
4455,4611
4455,4612
4455,4613
4455,4497
4455,4614
4455,4615
4455,4616
4455,4617
4455,4618
4455,4619
4455,4620
4455,4621
4455,4622
4455,4623
4455,4624
4455,4625
4455,4626
4455,4627
4455,4628
4455,4629
4455,4630
4455,4631
4455,4632
4455,4633
4455,4634
4455,4635
4455,4571
4455,4636
4455,4637
4455,4638
4455,4639
4455,4640
4455,4641
4455,4642
4455,4643
4455,4644
4455,4645
4455,4646
4455,4647
4455,4648
4455,4649
4455,4650
4455,4651
4455,4652
4455,3745
4455,4606
4455,4653
4455,4615
4455,4617
4455,4654
4455,4655
4455,4571
4455,4656
4455,4657
4455,4562
4455,4658
4455,4525
4455,4602
4455,4659
4455,4660
4455,4661
4455,4604
4455,4605
4455,4606
4455,4607
4455,4609
4455,4615
4455,4662
4455,4663
4455,4664
4455,4665
4455,4666
4455,4667
4455,4619
4455,4668
4455,4669
4455,4624
4455,4625
4455,4670
4455,4626
4455,4627
4455,4671
4455,4628
4455,4571
4455,4639
4455,4641
4455,4672
4455,4144
4455,4647
4455,4648
4455,4649
4455,4451
4455,4451
4673,4674
4673,4675
4676,4677
4678,4674
4678,4679
4680,4674
4680,4681
4682,4683
4682,4684
4682,4685
4682,4686
4687,4674
4687,4688
4689,4455
4689,4690
4689,4691
4689,4142
4689,4692
4689,4693
4689,4694
4689,4695
4689,4696
4697,4674
4697,4698
4699,4700
4701,4674
4701,4702
4703,4674
4703,4704
4705,4706
4707,4674
4707,4708
4709,4674
4709,4710
4711,4712
4711,4712
4712,4713
4712,431
4712,4714
4712,4715
4712,4716
4712,4717
4712,4718
4712,4719
4712,4720
4712,4721
4722,4674
4722,4723
4724,2777
4724,4725
4726,4727
4728,4729
4674,141
4730,4731
4732,4674
4732,4733
4734,4735
4736,4674
4736,4737
4738,4455
4738,4455
4738,4739
4740,4455
4740,4455
4740,4455
4741,4451
4469,4451
4469,4451
4469,4742
4469,431
4743,4469
4743,4469
4744,4451
4744,4451
4744,4451
4744,4451
4745,4744
4745,4744
4746,4451
4747,4451
4748,4451
4748,4749
4748,4750
4748,4751
4748,4451
4748,4519
4748,4752
4748,4451
4753,4725
4754,4755
4754,4751
4756,4731
4757,4758
4757,4759
4760,4748
4761,4451
4761,4738
4761,4641
4761,4649
4519,4762
4519,4451
4519,4763
4519,4218
4519,1368
4519,4764
4519,4765
4519,4766
4519,4767
4519,4768
4519,4769
4519,4770
4519,4504
4519,4523
4519,4771
4519,4772
4519,4509
4519,4513
4519,4773
4519,4515
4519,4516
4519,4774
4519,431
4519,4451
4519,4572
4519,4455
4519,4469
4519,4744
4519,4748
4519,363
4519,4775
4519,4776
4519,3652
4519,4777
4519,4778
4519,4779
4519,4767
4519,4780
4519,4781
4519,4782
4519,4783
4519,4784
4519,4785
4519,4786
4519,4787
4519,4788
4519,4789
4519,4523
4519,4790
4519,4791
4519,4792
4519,4793
4519,4794
4519,4795
4519,3679
4519,4796
4519,4797
4519,4798
4519,4799
4519,4800
4801,4519
4801,4519
4801,4519
4802,4451
4802,4451
4802,4740
4802,4519
4803,4451
4803,4451
4803,4451
4803,4451
4804,4725
4805,4731
4548,4451
4548,4451
4548,4806
4548,4807
4548,4808
4548,4809
4548,111
4548,201
4548,4810
4548,4811
4548,4451
4548,4812
4548,4813
4548,4814
4548,4815
4548,4816
4548,4817
4548,4818
4548,4819
4548,4820
4548,2065
4548,4778
4548,4821
4548,4822
4548,4823
4548,4824
4548,4825
4548,4826
4548,4827
4548,4828
4548,4829
4548,4830
4548,4831
4548,4832
4548,4833
4548,4834
4548,4835
4548,4836
4548,4837
4548,4838
4548,4839
4548,4840
4548,4841
4548,4842
4548,4843
4548,4844
4548,926
4548,4845
4548,4846
4548,4847
4548,4848
4548,4849
4548,4850
4548,4851
4548,4852
4548,1770
4548,4853
4548,4854
4548,4855
4548,4856
4548,4857
4548,4858
4548,4859
4548,4860
4548,4861
4548,4809
4548,795
4548,4862
4863,4548
4864,4450
4864,4450
4864,4450
4865,4451
4865,431
4865,4866
4865,4867
4868,4869
4870,4868
4871,4872
4871,4873
4871,3580
4871,4874
4875,4871
4875,4871
4876,4877
4876,4878
4876,4879
4880,431
4880,4881
4882,4880
4883,4880
4884,482
4885,4886
4885,3974
4885,4126
4887,4888
4887,4888
4887,4889
4890,4891
4890,4892
4893,4894
4893,13
4893,4895
4896,983
4896,4897
4896,4898
4896,4899
4896,4900
4896,4901
4902,4896
4903,4904
4903,3974
4903,4905
4903,4903
4906,4907
4908,482
4908,4908
4908,482
4909,4910
4911,4912
4913,4914
4914,4915
4914,4916
4914,4917
4918,983
4918,4919
4918,4920
4921,4915
4921,3548
4921,4915
4921,4922
4921,4923
4921,4920
4921,4916
4921,4924
4925,4921
4925,4921
4926,4120
4926,4927
4926,4120
4926,4928
4926,4926
4929,4473
4929,4930
4929,4931
4929,4932
4929,4933
4929,4934
4929,4935
4929,4936
4929,4937
4929,4938
4929,4939
4929,4940
4929,4941
4929,4942
4929,4943
4929,4944
4929,4945
4929,4946
4929,4947
4929,4948
4929,4949
4929,4931
4929,4950
4929,4951
4929,4938
4929,4939
4929,4952
4929,4953
4929,4945
4929,1119
4929,1405
4929,451
4929,4954
4929,4939
4929,4955
4929,4945
4929,4945
4956,4957
4956,4958
4959,4929
4959,4929
4959,4381
4959,4960
4959,4961
4959,4341
4959,4962
4959,4963
4959,4964
4959,4965
4959,4929
4959,4929
4966,4929
4966,4959
4966,4929
4966,4967
4968,4959
4968,4959
4968,4959
4969,4929
4970,4929
4970,4929
4970,4971
4970,4972
4970,4943
4970,4955
4970,4973
4970,4949
4970,4974
4970,4961
4970,4975
4970,4973
4970,4973
4970,4976
4970,4977
4970,4978
4970,4979
4970,4973
4970,4980
4970,4981
4970,4982
4970,4980
4970,4981
4970,4982
4970,4983
4970,4984
4985,4970
4985,4970
4986,4929
4986,4929
4986,4929
4987,4986
4987,4986
4988,4929
4988,4929
4988,4929
4989,4929
4989,4929
4989,4929
4990,4929
4990,4929
4990,4929
4950,4991
4950,4992
4950,4993
4950,4994
4950,4995
4950,4996
4950,4997
4950,4998
4950,4999
4950,4991
4950,4992
4950,5000
4950,5001
4950,5002
4950,5003
4950,5004
4950,5005
4950,4991
4950,4992
4950,4945
4950,4949
4950,5006
5007,5008
5007,5009
5007,5010
5007,5011
5007,5012
5007,5013
5007,5014
5007,5015
5007,5016
5007,5017
5007,5018
5007,5019
5007,5020
5007,5021
5007,5022
5007,5023
5007,5024
5007,5025
5007,4950
5007,4950
5007,4996
5007,5026
5007,5027
5007,5028
5007,5029
5007,5030
5007,5031
5007,5032
5007,4214
5007,5033
5007,5034
5007,5035
5007,5036
5007,5037
5007,5038
5007,5039
5007,5040
5007,5041
5007,4961
5007,5042
5007,5043
5007,5044
5007,5045
5007,5046
5007,5047
5007,4996
5007,5037
5007,5038
5007,5006
5007,4950
5007,4996
5007,5032
5007,4214
5007,5048
5007,5036
5007,5037
5007,5049
5007,5050
5007,4221
5007,5038
5007,5042
5007,5043
5007,5051
5007,5044
5007,5052
5007,5053
5007,5054
5055,4950
5055,5007
5055,5007
5056,4950
5056,5007
5056,5007
5056,5007
5056,5057
5058,4950
5058,4950
5059,4950
5059,4950
5059,4950
5060,4950
5060,4950
5060,4950
5061,5062
5061,5063
5061,5064
5061,3557
5065,4950
5065,4950
5065,4950
5066,4950
5066,4950
5066,5067
5068,5066
5068,5066
5068,5067
5068,5069
5057,4950
5057,5070
5057,4937
5057,5071
5057,5072
5057,5073
5057,5074
5057,5075
5057,4949
5057,5007
5057,4949
5057,5006
5076,5057
5076,5057
5077,4950
5078,857
5078,4950
5078,4950
5079,5080
5079,5081
5079,5082
5083,2673
5083,5084
5083,5084
5083,5085
5083,5086
5087,5088
5089,5083
5090,5083
5091,5083
5091,284
5091,1932
5091,983
5091,5083
5091,5092
5091,5093
5091,1932
5091,1933
5091,4935
5091,2543
5094,5091
5094,5091
5094,1932
5094,1933
5094,4935
5094,2543
4974,4929
4974,4929
4974,4929
5095,4974
5095,4974
5096,5097
5096,5098
5096,5099
5096,5100
5101,5079
5102,5103
5102,5104
5102,5105
5106,5107
5106,5107
5108,5109
5108,5110
5108,5109
5108,4938
5111,5108
5111,5108
5112,5108
5112,5108
5112,5108
5113,5110
5114,5110
5115,5114
5115,5110
5109,5116
5109,4938
5109,5117
5118,5109
5118,5109
5119,5109
5119,5109
5119,5109
5120,5109
5120,5109
5120,5109
5121,5108
5121,5108
5121,5108
5122,5123
5122,5124
5122,5123
5125,5126
5127,3888
5127,5128
5129,5127
5130,5131
5130,5132
5130,5133
5134,5135
5134,5136
5134,5137
5134,5137
5134,5138
5134,5137
5134,5138
5139,5140
5141,3205
5141,5142
5141,5143
5141,5144
5141,1643
5141,5145
5146,5147
5148,5146
5148,5146
5137,5149
5137,5150
5137,5151
5137,5152
5137,5153
5137,5154
5137,5155
5137,5156
5137,5157
5137,5158
5137,5159
5137,5160
5137,5011
5137,5161
5137,5162
5137,4941
5137,5163
5137,5164
5137,5165
5137,5166
5137,5167
5137,5168
5137,4948
5137,5169
5137,5170
5137,5171
5137,5172
5137,4558
5137,5173
5137,5174
5137,5175
5137,5176
5137,5177
5137,5177
5137,5178
5137,5179
5137,5159
5137,5180
5137,5181
5137,5182
5137,5183
5137,5184
5137,5185
5137,5186
5137,5008
5137,5187
5137,5162
5137,5188
5137,5189
5137,4941
5137,5163
5137,5165
5137,5190
5137,5191
5137,5192
5137,5193
5137,5194
5137,5195
5137,5196
5137,4946
5137,5197
5137,5198
5137,5199
5137,5200
5137,5201
5137,5202
5137,5203
5137,5204
5137,5205
5137,4948
5137,5206
5137,5207
5137,2941
5137,5170
5137,5208
5137,5209
5137,5173
5137,5210
5137,5211
5137,5212
5137,5213
5137,5176
5137,5214
5137,3553
5137,431
5137,2943
5137,5215
5137,5188
5137,4998
5137,5216
5137,4944
5137,448
5137,5217
5137,5166
5137,5218
5137,5219
5137,4948
5137,5173
5137,4941
5137,5220
5137,4944
5137,5196
5137,3553
5137,5221
5137,5162
5137,5162
5137,5171
5222,5137
5222,5223
5222,5137
5222,5137
5224,5137
5224,5137
5225,5224
5225,5224
5226,4381
5226,5177
5227,5226
5177,5137
5177,5137
5177,5161
5177,5162
5177,5228
5177,5229
5177,5230
5177,5231
5177,5232
5177,2250
5177,4381
5177,5137
5177,5233
5177,5234
5177,5235
5177,5162
5177,5236
5177,5237
5177,5238
5177,5228
5177,4943
5177,5239
5177,5240
5177,5241
5177,5242
5177,5205
5177,5243
5177,431
5177,5242
5177,2250
5244,3553
5244,5177
5245,5177
5245,5177
5246,5137
5246,5137
5246,5137
5247,5246
5247,5246
5248,5137
5248,5137
5248,5137
5248,5137
5249,5137
5249,5137
5250,5137
5250,5137
5251,5252
5251,5253
5251,5254
5251,5255
5251,5256
5251,5257
5258,5251
5258,5251
5259,5260
5261,5091
5261,5091
5233,5137
5233,5262
5233,5263
5233,5137
5233,5137
5264,5137
5264,5265
5264,5266
5264,5265
5267,5264
5267,5264
5268,5264
5268,5264
5269,5270
5271,5269
5271,5269
5272,5273
5272,5274
5275,5272
5276,5137
5276,5177
5276,431
5276,5277
5276,5278
5276,5279
5276,431
5276,5140
5276,450
5280,5276
5280,5276
5147,983
5147,182
5147,5281
5147,5282
5147,3419
5147,5283
5284,5147
5265,5264
5265,5264
5265,5285
5286,5267
5287,5265
5288,5137
5288,5289
5288,5290
5288,5291
5288,4267
5288,5292
5288,5293
5288,5291
5288,5291
5288,363
5288,3508
5288,5294
5288,5295
5296,5288
5296,5288
5297,5288
5297,5288
5297,5288
5298,5299
5298,5300
5298,5301
5298,5302
5303,5298
5304,5130
5305,5304
5305,5304
5306,5307
5306,5308
5306,5309
5306,4166
5306,5310
5311,3974
5311,5312
5313,4191
5313,5314
5313,5315
5313,5316
5313,5317
5313,5318
5313,5319
5313,5313
5320,5313
5321,5322
5321,5323
5321,5324
5321,5325
5321,5322
5321,5326
5321,4261
5321,4265
5321,1860
5321,5327
5321,5328
5321,5325
5321,5329
5321,5330
5321,5331
5321,5332
5321,5333
5321,5334
5321,5335
5321,3574
5321,5336
5321,4480
5321,5337
5321,5085
5321,4892
5321,5338
5321,5339
5321,3577
5321,5340
5321,5341
5321,1098
5321,5342
5321,5343
5321,5344
5321,5345
5321,5346
5321,5347
5321,5348
5321,4175
5321,681
5321,5349
5321,5330
5321,5350
5321,5351
5321,5352
5321,5353
5321,5314
5321,4345
5321,5354
5321,5355
5321,5356
5321,5357
5321,5358
5321,363
5321,5359
5321,5360
5321,3578
5321,5361
5321,5362
5321,5363
5321,5364
5321,5365
5321,5366
5321,2508
5321,2777
5321,5367
5321,5368
5321,5369
5321,5370
5321,5371
5321,3652
5321,5372
5321,380
5321,5373
5321,5374
5321,5375
5321,5376
5321,4291
5321,5377
5321,5378
5321,5379
5321,5380
5321,227
5321,5381
5321,5382
5321,5383
5321,5384
5321,5385
5321,5274
5321,1272
5321,5386
5321,5327
5321,5387
5321,5388
5321,5389
5321,5390
5321,5391
5321,3236
5321,5392
5321,5393
5321,5394
5321,5395
5321,5396
5321,5397
5321,5398
5321,1054
5321,5399
5321,1990
5321,5400
5321,5401
5321,5402
5321,5403
5321,5404
5321,5405
5321,5406
5321,5407
5321,5408
5321,5409
5321,5410
5321,5411
5321,5099
5321,2920
5321,5412
5321,5413
5321,3277
5321,5414
5321,5415
5321,5416
5321,5417
5321,5418
5321,5419
5321,5420
5321,5421
5321,2023
5321,5422
5321,5423
5321,5424
5321,5425
5321,4298
5321,450
5321,5426
5321,5427
5321,5428
5321,5429
5321,452
5321,5430
5321,5431
5321,5432
5321,5433
5321,5434
5321,5435
5321,5436
5321,383
5321,4306
5321,3580
5321,1485
5321,5437
5321,5438
5321,3598
5321,5439
5321,3123
5321,5440
5321,5441
5321,5442
5321,5443
5321,5444
5321,5445
5321,5446
5321,5447
5321,5448
5321,5449
5321,5450
5321,5451
5321,5452
5321,5453
5321,5454
5321,5455
5321,5456
5321,5457
5321,5458
5321,5459
5321,3579
5321,5460
5321,385
5321,5461
5321,5462
5321,5463
5321,5464
5321,5465
5321,5466
5321,5467
5321,5468
5321,5469
5321,5470
5321,5471
5321,5472
5321,5473
5321,5474
5321,5475
5321,7
5321,5476
5321,5477
5321,5478
5321,5479
5321,5480
5321,4213
5321,5481
5321,5349
5321,4218
5321,5482
5321,5483
5321,5484
5321,5485
5321,5486
5321,5487
5321,5488
5321,5489
5321,5490
5321,5491
5321,5492
5321,5493
5321,4348
5321,5494
5321,5495
5321,5496
5321,4299
5321,5497
5321,5498
5321,5499
5321,5500
5321,4300
5321,5501
5321,5502
5321,5503
5321,5504
5321,5505
5321,5506
5321,5507
5321,5508
5321,4493
5321,5509
5321,5510
5321,5511
5321,5512
5321,5513
5321,5514
5321,5515
5321,5516
5321,5517
5321,5518
5321,5519
5321,5520
5321,5521
5321,5522
5321,4349
5321,5523
5321,5524
5321,5525
5321,3195
5321,5526
5321,5527
5321,5528
5321,5529
5321,5530
5321,5531
5321,5532
5321,829
5321,5533
5321,5534
5321,5535
5321,2024
5321,5536
5321,5537
5321,5538
5321,5539
5321,5540
5321,5541
5321,5542
5321,464
5321,5543
5321,5544
5321,5545
5321,5546
5321,5547
5321,5548
5321,5549
5321,5550
5321,5551
5321,5552
5321,5553
5321,5554
5321,5555
5321,5556
5321,5557
5321,5558
5321,5559
5560,5561
5560,5321
5560,5321
5562,5321
5563,5564
5563,5564
5563,5565
5563,3548
5563,5566
5567,5568
5567,5569
5567,5243
5567,5567
4121,4120
4121,5570
4121,5571
5572,4121
5572,4121
5573,5567
5574,5575
5574,5576
5574,5577
5574,3974
5574,5578
5574,3886
5574,5579
5574,5580
5581,181
5581,5081
5581,5582
5581,5583
5584,5585
5584,5586
5584,5584
5584,5570
5584,5587
5584,5580
5588,5581
5588,5581
5589,5590
5591,5592
5591,5593
5594,5591
5595,2065
5595,35
5595,5596
5595,5597
5595,5598
5595,5599
5595,5600
5601,5595
5601,5602
5601,5603
5601,5604
5601,5605
5606,5601
5607,5178
5607,681
5607,5607
5607,5608
5607,1780
5607,5609
5607,5610
5607,5611
5607,5611
5607,5610
5607,4048
5607,5612
5607,5613
5607,5611
5607,5614
5607,5615
5607,5616
5607,5617
5607,5618
5607,4120
5619,5620
5619,5620
5621,4200
5622,5623
5620,5624
5620,5178
5620,5237
5620,5625
5620,5626
5620,5627
5620,5626
5628,181
5628,5629
5628,5630
5628,5631
5632,5628
5633,5607
5633,5607
5633,5581
5633,4927
5633,450
5633,5633
5633,5633
5633,5634
5635,5636
4927,181
4927,5581
4927,5637
4927,5638
4927,5639
4927,5640
4927,5641
4927,5642
4927,5643
4927,5644
4927,5535
4927,1264
4927,5645
4927,5630
5646,5633
5646,5647
5646,181
5646,5633
5646,5648
5646,5649
5646,5629
5650,5646
5650,5646
5651,4927
5652,5646
5653,5646
5653,5646
5654,5653
5655,5652
5656,5137
5657,5656
5658,5659
5660,5624
5660,5661
5660,5178
5660,5660
5660,5662
5660,5663
5660,5664
5660,5665
5660,5666
5660,5425
5660,5667
5660,5477
5660,5668
5660,5520
5660,3677
5669,5660
5670,5671
5672,5673
5674,5675
5676,5677
5678,5679
5680,5178
5680,5681
5680,5178
5682,5683
5682,5256
5682,5684
5682,5685
5682,5683
5686,5682
5687,5688
5689,5687
5690,3554
5690,5691
5690,5692
5690,5693
5694,5690
5695,2673
5695,5696
5697,5695
5698,3210
5698,132
5698,3210
5698,4022
5698,4047
5699,3452
5699,5700
5701,5680
5701,5680
5624,5178
5624,5702
5624,4142
5624,5661
5624,5178
5624,5703
5624,5704
5624,5705
5624,5706
5624,5707
5624,5708
5624,5709
5624,5702
5624,4696
5624,5710
5624,5708
5624,3449
5711,5624
5711,5624
5711,5243
5711,5711
5712,4061
5713,5712
5714,5715
5714,5715
5716,5717
5716,5718
5716,5719
5716,5720
5716,5721
5716,5718
5716,5582
5716,5722
5716,5723
5716,5724
5716,5725
5716,5726
5716,5727
5716,5728
5716,3657
5716,5729
5716,5730
5716,5731
5719,5716
5719,5716
5719,5721
5719,5728
5719,5729
5732,5715
5732,5715
5715,5733
5715,5734
5715,5735
5715,5736
5715,5733
5715,5734
5715,3747
5715,5736
5715,5737
5715,5738
5715,5739
5715,5740
5715,5741
5715,5742
5661,5679
5661,5178
5661,5743
5661,5706
5661,5744
5661,5665
5661,5709
5661,5745
5661,5661
5661,5743
5661,5706
5661,5744
5661,5746
5661,5665
5661,5709
5661,5745
5661,5747
5661,364
5661,3369
5661,35
5661,4698
5661,5748
5661,5660
5661,5624
5661,5749
5661,5178
5661,5750
5661,5751
5661,5752
5661,5753
5661,5665
5661,5754
5661,5755
5661,5756
5661,5757
5661,5758
5661,5665
5759,5661
5760,5759
5761,476
5761,181
5762,5761
5763,5661
5763,5661
5764,5661
5764,5661
5764,5661
5749,5661
5749,5765
5749,5766
5749,5437
5749,5767
5768,5749
5769,5749
5770,5769
5771,5772
5771,3909
5771,450
5771,5771
5773,5774
5773,5772
5773,3909
5775,5774
5776,5771
5776,5777
5778,5779
5778,5780
5178,5681
5178,5781
5178,5624
5178,5782
5178,5783
5178,5784
5178,5178
5178,5751
5178,5785
5178,5786
5178,5782
5178,5784
5787,4142
5178,4142
5178,5607
5178,5624
5178,5661
5178,5788
5178,5789
5178,5790
5178,5681
5178,5751
5178,5785
5178,5791
5178,5792
5178,5793
5178,5705
5178,4781
5178,5794
5178,5795
5178,5796
5178,5665
5178,5797
5178,4696
5178,5798
5178,3449
5799,5178
5799,5800
5801,5799
5788,5754
5788,2940
5802,5178
5802,5803
5802,5804
5802,5805
5789,5806
5789,5807
5789,5808
5789,5809
5790,5751
5790,5810
5811,5806
5811,5812
5811,5807
5813,5811
5813,5806
5814,5178
5814,4142
5815,3859
5815,5816
5815,5817
5815,5818
5819,5815
5820,5821
5820,5821
5821,5178
5821,5822
5821,5620
5823,5178
5824,5823
5825,5620
5826,5825
5827,5826
5828,5825
5829,5830
5830,5178
5830,5178
5703,5178
5703,5178
5703,5178
5831,5788
5832,5789
5833,5790
5834,5814
5835,5815
5836,5178
5836,5620
5836,5178
5836,1405
5836,5837
5836,5627
5838,5836
5838,5836
5839,5840
5840,5841
5840,5842
5840,5843
5840,5840
5840,5844
5840,5845
5846,5847
5846,3182
5846,5846
5846,5847
5848,2673
5848,5849
5850,3911
5850,5850
5851,5852
5851,5806
5851,2673
5853,5851
5854,5841
5854,5855
5854,3858
5854,5855
5854,3793
5856,5841
5857,5858
5857,5859
5857,5860
5861,5862
5863,5864
5864,5865
5866,5867
5868,5866
5869,5870
5871,5872
5872,5149
5872,5873
5872,5874
5872,5151
5872,2417
5872,5875
5872,5876
5872,5877
5872,5152
5872,5153
5872,5878
5872,5879
5872,2874
5872,5880
5872,5881
5872,5880
5872,5476
5872,5882
5872,5883
5872,5884
5872,5885
5872,5886
5872,5887
5872,5888
5872,5889
5872,5890
5872,5891
5872,5892
5872,4948
5872,5893
5872,5894
5872,5895
5872,5896
5872,5897
5872,4892
5872,5880
5872,5894
5872,5898
5872,5899
5872,5900
5872,5880
5872,5886
5872,5878
5872,4172
5872,3373
5872,5901
5872,5880
5872,5902
5872,5903
5872,5904
5872,4948
5872,5905
5872,5894
5872,5894
5872,4948
5872,4948
5872,5880
5906,5907
5906,5908
5906,5909
5906,5910
5906,5911
5906,5912
5906,5900
5906,5913
5906,5914
5906,5915
5906,5916
5906,5917
5906,5918
5906,5919
5906,5920
5906,5921
5906,5922
5906,5923
5906,5924
5906,5925
5906,5926
5906,4349
5906,5927
5906,5928
5906,5929
5906,5930
5906,5931
5906,5524
5906,5932
5906,5933
5906,5934
5906,5935
5906,5936
5906,5937
5906,5938
5906,5939
5906,5940
5906,5941
5906,5872
5906,5942
5906,5943
5906,2459
5906,5944
5906,5945
5906,5946
5906,5947
5906,5948
5906,5905
5906,5949
5906,5950
5906,5951
5906,5952
5906,5897
5906,5953
5906,5872
5906,5954
5906,3373
5906,5955
5906,5894
5906,5956
5906,5872
5906,5872
5957,137
5957,5958
5959,5957
5960,5906
5960,5906
5961,5872
5961,5872
5962,5872
5963,5962
5963,5962
5964,5872
5964,5872
5964,5872
5965,5872
5966,5872
5954,5872
5954,5872
5954,5872
3373,5967
3373,5968
3373,5969
3373,5970
3373,5153
3373,5971
3373,3386
3373,5972
3373,3373
3373,5973
3373,5476
3373,5974
3373,5975
3373,5976
3373,5977
3373,5978
3373,5902
3373,5888
3373,5979
3373,5980
3373,5230
3373,5981
3373,5982
3373,5983
3373,5984
3373,4892
3373,3549
3373,4172
3373,1276
3373,5985
3373,5899
3373,5885
3373,5986
3373,5987
3373,5988
3373,5903
3373,5989
3373,5990
3373,5991
3373,4948
3373,5230
3373,5992
3373,5993
3373,5994
3373,5894
3373,5627
3373,5995
3373,5973
3373,3386
3373,5996
3373,5997
3373,5162
3373,4977
3373,5998
3373,5999
3373,4520
3373,6000
3373,6001
3373,5391
3373,6002
3373,1485
3373,3123
6003,3373
6003,2584
6003,3373
6003,6004
6003,6005
6006,3373
6006,6007
6006,3373
6006,3373
6008,5872
6008,5872
6008,6009
5901,6010
5901,6011
5901,6012
5901,5964
5901,6013
5901,2417
5901,5805
5901,6014
5901,6015
5901,6016
5901,6010
6017,5901
6017,5901
6018,5872
6018,3373
6018,5872
6018,6019
6018,6020
5995,3373
5995,5872
5995,5906
5995,3373
5995,5899
5995,5476
5995,5976
6021,5995
6021,5995
6022,6023
6024,5869
6025,5870
6026,6027
6028,5595
5681,5661
5681,5178
5681,6029
6030,5681
3211,983
3211,6031
3211,6032
3211,6033
3211,2065
3211,2067
3211,6034
3211,6035
3211,6036
3211,6037
3211,3209
3211,6038
6039,6040
3211,983
3211,132
3211,6041
3211,6042
3211,6043
3211,6044
3211,983
3211,2088
3211,6045
3211,6046
3211,2317
3211,35
3211,45
3211,3209
3211,6047
3211,6048
3211,6049
3211,6050
3211,6051
3211,6052
3211,6053
3211,6054
3211,6055
3211,6056
3211,6057
3211,4794
3211,6058
3211,284
3211,40
3211,6059
3211,1932
3211,3508
3211,6060
3211,3551
3211,6061
3211,3595
3211,181
3211,3552
3211,6062
3211,3513
3211,983
3211,6063
3211,6064
3211,574
3211,385
3211,35
3211,45
3211,6065
3211,6066
3211,3764
3211,6067
3211,2801
3211,6068
3211,1566
3211,2677
3211,6043
3211,6069
3211,6070
3211,6071
3211,6072
3211,6073
3211,6074
3211,6040
3211,1397
3211,1397
3211,3211
3211,6075
3211,1211
3211,3211
6076,6077
6076,6078
6079,3211
6079,3209
6079,1451
6079,6054
6080,6079
6081,6082
6081,6083
6081,6084
6081,6085
6081,6086
6081,6087
6081,1770
6081,6088
6081,6089
6090,3211
6065,6091
6065,6092
6065,6093
6065,6094
6065,6095
6065,6096
6065,6097
6065,6065
6065,6098
6065,6096
6065,6065
6099,6100
6101,2454
6102,5806
6103,6102
6104,3211
6105,6106
6105,6107
6105,4892
6108,182
6066,2584
6066,6109
6066,45
6066,865
6110,6066
6111,6112
6111,4892
6111,6113
6114,482
6114,6114
6114,4184
6114,6115
6114,6116
6114,482
6114,6117
6118,6119
4030,6120
4030,4034
4030,6121
4030,6122
4030,6123
4030,4034
4030,6124
6125,4030
6125,4030
6125,4030
6126,3595
6127,6126
6037,3211
6037,3209
6037,6038
6037,3211
6037,3211
6037,6128
6037,6129
6037,6130
6037,6040
6131,6132
6131,6133
6134,6135
6136,6137
6138,181
6138,182
4066,132
4066,6139
6140,6141
6140,6142
6140,5641
6143,6137
6143,3870
6143,5611
6143,6144
6143,6145
6146,6147
6148,6140
6148,3870
6148,5910
6148,6149
6148,3869
6148,6150
6151,6152
6151,6153
6151,6154
6151,6155
6156,6151
6157,6158
6159,6160
6161,6162
6163,6164
6165,5779
6165,2675
6165,6166
6167,6165
6168,6163
6168,6163
6168,6163
6168,6169
6168,6170
6168,6163
6168,6171
6168,6172
6168,6163
6168,6169
6173,6168
6169,6168
6169,6163
6169,6174
6169,6175
6169,4928
6169,6164
6169,6168
6176,6169
6176,6169
6177,6163
6177,6178
6178,6163
6178,6169
6178,6179
6178,6180
6178,6181
6178,6182
6178,5837
6178,6183
6184,3870
6184,6185
6184,6186
6184,2964
6187,3909
6187,6187
6187,6188
6189,6190
6189,6191
6189,6190
6189,6190
6192,6193
6192,6194
6192,6195
6192,6196
6192,6197
6192,4486
6192,4486
6192,6198
6192,4607
6192,6199
6192,4624
6192,6200
6192,6201
6192,6202
6192,6203
6192,6204
6192,6205
6192,6206
6192,6207
6192,6208
6192,6205
6209,4486
6209,4486
6209,6210
6209,6211
6209,6212
6213,6209
6213,6209
4486,4472
4486,6214
4486,6215
4486,6216
4486,4474
4486,6217
4486,6218
4486,4546
4486,6219
4486,4479
4486,6220
4486,6221
4486,4451
4486,6222
4486,6223
4486,4526
4486,4528
4486,4493
4486,4565
4486,1368
4486,4503
4486,4770
4486,4537
4486,4505
4486,4538
4486,4566
4486,4509
4486,4514
4486,4539
4486,4517
4486,4518
4486,6224
4486,4525
4486,6225
4486,6226
4486,6227
4486,6228
4486,4490
4486,6229
4486,4453
4486,2376
4486,4537
4486,4505
4486,6230
4486,4509
4486,4517
4486,4451
4486,6222
4486,4562
4486,4525
4486,4487
4486,6228
4486,4490
4486,4530
4486,4498
4486,4533
4486,4503
4486,6231
4486,2376
4486,6232
4486,4537
4486,4505
4486,6233
4486,4538
4486,4566
4486,6234
4486,4509
4486,4514
4486,4539
4486,4518
4486,6235
4486,6235
6207,4486
6207,4486
6207,4486
6212,4486
6212,4486
6212,4486
6236,4486
6236,4486
6237,4486
6237,4486
6237,4486
6210,4486
6210,4749
6210,4486
6210,4486
6224,4486
6224,6238
6224,4533
6224,4783
6224,6239
6224,6240
6224,6241
6224,6242
6224,5550
6224,4519
6224,6224
6224,6243
6224,6244
6224,6245
6224,4770
6224,4771
6224,4772
6224,6246
6224,4509
6224,431
6224,4519
6224,4486
6224,6247
6224,4771
6248,6224
6248,6224
6248,6224
6249,6250
6249,4486
6249,6224
6249,3203
6249,6251
6252,6249
6253,4486
6253,4486
6253,4486
6253,6254
6255,6253
6255,6253
6256,6257
6256,4163
6258,6259
6260,6261
6262,6263
6262,6263
6264,6265
6266,983
6266,4022
6266,983
6266,6267
6267,6268
6267,6269
6267,5319
6267,5474
6267,6270
6267,3417
6267,6271
6267,5338
6267,1054
6267,6272
6267,6273
6267,6274
6267,6275
6267,6276
6267,6267
6267,6277
6267,6278
6267,6279
6267,2067
6267,6280
6267,6281
6267,6282
6267,6283
6267,6284
6267,6285
6267,6286
6267,6287
6267,6288
6267,6273
6267,6289
6267,6290
6267,6291
6267,3548
6267,6292
6267,4261
6267,5338
6267,6293
6267,6294
6267,4022
6267,6295
6267,6296
6267,6297
6267,6277
6267,6298
6267,6299
6267,6300
6267,6301
6267,6302
6267,6303
6267,6304
6267,6305
6267,6306
6267,6307
6267,6275
6267,6291
6267,6277
6267,6273
6267,6289
6267,5330
6267,4983
6267,6308
6267,5338
6267,5339
6267,3577
6267,1098
6267,6309
6267,5346
6267,681
6267,5330
6267,5367
6267,5368
6267,6310
6267,5376
6267,5377
6267,6311
6267,5381
6267,5389
6267,6312
6267,5392
6267,5393
6267,6313
6267,5397
6267,5402
6267,6314
6267,5405
6267,6315
6267,3277
6267,6316
6267,5414
6267,6317
6267,6318
6267,6319
6267,452
6267,6320
6267,3580
6267,6321
6267,5844
6267,6322
6267,5454
6267,6323
6267,5466
6267,5472
6267,5473
6267,5474
6267,6324
6267,188
6267,5477
6267,5480
6267,5482
6267,6325
6267,6326
6267,5483
6267,5485
6267,6327
6267,5492
6267,5493
6267,4348
6267,5497
6267,5500
6267,4300
6267,5503
6267,5505
6267,5507
6267,5508
6267,6328
6267,5510
6267,5512
6267,6329
6267,5515
6267,5516
6267,6330
6267,5518
6267,5520
6267,6331
6267,6332
6267,5527
6267,6333
6267,5530
6267,829
6267,6334
6267,6335
6267,5535
6267,6336
6267,5538
6267,5542
6267,5552
6267,5555
6267,5558
6337,6267
6337,6267
6338,6267
6339,6267
4022,3210
4022,6277
4022,6340
4022,6341
4022,6342
4022,6343
4022,5323
4022,6344
4022,6345
4022,4261
4022,6267
4022,6346
4022,6347
4022,5323
4022,6348
4022,5323
4022,4261
4022,6346
4022,6349
4022,6350
4022,6267
4022,3466
4022,4022
4022,2463
4022,1333
6351,6352
6353,3357
6353,6354
6353,6355
6353,6356
6353,6267
6357,6358
6357,6359
6360,6361
6360,6359
6362,6363
6362,6359
6364,6365
6364,6359
6366,6367
6368,3599
6368,6369
3599,6370
3599,6359
3599,6371
3599,3599
3599,6370
6372,6373
6372,6374
6375,6376
6375,6359
6377,6359
6377,6378
6379,6380
6381,6324
6381,6324
6324,6269
6324,6324
6324,3548
6324,5338
6324,6382
6324,6294
6324,6383
6324,6267
6324,4022
6324,6302
6324,6384
6324,5474
6324,6385
6324,6267
6386,2673
6386,6267
6386,1774
6386,6387
6386,6388
6386,6389
6390,6386
6391,6392
6393,6291
6393,6394
6395,6393
6396,4047
6396,6396
6396,6397
6398,6345
6398,6399
6398,6306
6398,6348
6400,6398
6401,2673
6401,6389
6402,6401
6403,6404
6405,3548
6405,6406
6407,6405
6408,4249
6409,6408
4046,6350
4046,6410
4046,4022
6411,4046
6412,6413
6414,6345
6414,6415
6414,6416
6417,6414
6418,6419
6418,6420
6418,6421
6422,6418
6423,3551
6423,6423
6423,6424
6425,6426
6427,2673
6427,6428
6429,6427
6430,2673
6431,6430
6432,3548
6432,6267
6433,6432
6434,6302
6434,6435
6434,6436
6434,6437
6438,6439
6440,6438
6440,6439
6441,4022
6441,4022
6441,6442
6441,3548
6441,6406
6441,6428
6441,6443
6444,6441
6445,6446
6445,6447
6448,6445
6449,6450
6451,6061
6451,6452
6451,6302
6451,6453
6451,4453
6451,6454
6451,6455
6451,6456
6451,6069
6451,6457
6458,6451
6410,6459
6410,6269
6410,6460
6410,6410
6410,6324
6410,4047
6410,6459
6410,6267
6461,6410
6461,6410
6462,6463
6462,6464
6465,2673
6466,4261
6466,4022
6466,6467
6466,6301
6295,4022
6295,6267
6295,4022
6468,4022
6468,4022
6469,6338
6470,3548
6470,6267
6470,1990
6471,2673
6472,6471
6473,6474
6474,6475
6474,6446
6474,6267
6474,6305
6474,6476
6474,6477
6478,6479
6478,3548
6478,4022
6478,6479
6480,6478
6481,6482
6481,4022
6481,2040
6483,6484
6483,3548
6483,6267
6483,6485
6486,6487
6486,2673
6486,6488
6489,3932
6489,3548
6489,6267
6489,3932
6490,6491
6491,6492
6491,6446
6491,6410
6491,6493
6491,6389
6491,6494
6495,6496
6496,6497
6496,6497
6496,6446
6496,6389
6498,6499
6498,983
6498,6267
6498,6500
6501,6502
6501,3548
6501,6267
6501,6304
6503,6504
6503,3548
6503,6267
6503,6505
6506,2673
6506,6446
6506,6267
6506,6507
6506,6508
6506,6505
6509,6506
6510,6511
6510,6511
6512,6511
6512,6511
6511,6446
6511,6267
6511,6513
6511,6514
6511,6515
6511,6516
6511,6517
6518,983
6518,4022
6518,6519
6518,6520
6521,6522
6521,3548
6521,6267
6521,6523
6524,3548
6524,6525
6526,6524
6527,6528
6527,6267
6527,6529
6527,6275
6530,6527
6530,5479
6530,3548
6530,6267
6530,3351
6530,6531
6530,6532
6530,6275
6533,6530
6296,6534
6296,6535
6296,6536
6296,6537
6296,6538
6296,6539
6296,6540
6296,6541
6296,6542
6296,6543
6296,5922
6296,6544
6296,6545
6296,6546
6296,6547
6296,6548
6296,6549
6296,6550
6296,6551
6296,6552
6296,6553
6296,6554
6296,6555
6296,3934
6296,6556
6296,6557
6296,6558
6296,6559
6296,6560
6296,6561
6296,6562
6296,6563
6296,4377
6296,5896
6296,6564
6296,6565
6296,6566
6296,6567
6296,6568
6296,6569
6296,6570
6296,6571
6296,6572
6296,6573
6296,6574
6296,6575
6296,6576
6296,6577
6296,6578
6296,6579
6296,6328
6296,6580
6296,6329
6296,6581
6296,6582
6296,658
6296,6583
6296,6584
6296,6585
6296,6586
6296,6587
6296,6588
6296,6589
6296,6590
6296,6591
6296,6592
6296,6593
6296,6594
6296,6595
6296,6596
6296,6597
6296,6598
6296,6592
6296,6599
6296,6329
6600,6601
6602,6603
6603,6604
6603,6446
6603,6496
6605,3548
6605,6267
6605,6494
6606,6607
6606,3548
6606,6267
6606,6608
6609,6610
6609,6611
6609,450
6609,6609
6612,6609
6613,6614
6615,6266
6616,6617
6618,6137
6619,6620
6619,6621
6619,6622
6619,6623
6619,6620
6619,6624
6619,6625
6619,6626
6619,4517
6619,6620
6619,6622
6627,6619
6627,6619
6628,6629
6628,6630
6628,3548
6628,6629
6628,6631
6628,6630
6632,3548
6633,3548
6633,6634
6633,6635
6636,6633
6629,6637
6629,6629
6629,3548
6629,6638
6629,6639
6629,6640
6629,6631
6629,6637
6629,6630
6641,6629
6642,3548
6630,6643
6630,6644
6630,6645
6630,6628
6630,6646
6630,6643
6630,6620
6630,3540
6630,6628
6630,6620
6630,6638
6647,6629
6647,3548
6647,6630
6648,6647
6649,6628
6650,6630
6651,6619
6651,6619
6651,6619
6652,6653
6654,6619
6654,6619
6654,6619
6620,6655
6620,6656
6620,6657
6620,6658
6620,6659
6620,6660
6620,2941
6620,6661
6620,6662
6620,6663
6620,6664
6620,3548
6620,6619
6620,6628
6620,6630
6620,6665
6620,6666
6620,1860
6620,6667
6620,6625
6620,6659
6620,6668
6620,6669
6620,6670
6620,6671
6620,6659
6620,6661
6620,5939
6620,6672
6620,6672
6620,6659
6673,6620
6673,6674
6673,6675
6673,6676
6673,6677
6673,6678
6673,6665
6673,6675
6673,6620
6673,6620
6679,6620
6679,6620
6679,4742
6679,6673
6679,6680
6681,6679
6681,6679
6646,6643
6646,6644
6646,6645
6646,6620
6646,6630
6646,6630
6646,6682
6646,4758
6646,6683
6646,4759
6646,6620
6646,6620
6665,6684
6665,6680
6665,6685
6665,6686
6665,6687
6665,6688
6665,6689
6665,6690
6665,6659
6665,6691
6665,6692
6665,450
6665,6693
6665,6514
6665,6694
6665,6695
6665,6696
6665,6697
6665,6698
6665,6699
6665,6700
6665,6691
6665,6701
6665,6702
6665,6699
6665,6703
6665,3548
6665,3203
6665,6619
6665,6620
6665,6704
6665,1860
6665,4266
6665,6705
6665,6706
6665,6707
6665,6708
6665,6709
6665,6710
6665,6711
6665,6712
6665,6713
6665,6714
6665,6715
6665,6691
6665,6716
6665,3540
6665,6717
6665,6718
6719,6720
6721,6722
6721,6723
6724,6665
6724,3540
6724,6665
6725,6665
6725,6665
6653,6620
6653,6620
6653,6726
6653,3548
6653,111
6653,3203
6653,6620
6653,6665
6653,6727
6653,6666
6653,6728
6653,6691
6653,3203
6653,6711
6653,6729
6730,6731
6732,6733
6727,6653
6727,6734
6727,6735
6727,6736
6737,6653
6737,6653
6666,6620
6666,6620
6666,6738
6666,6739
6666,6740
6666,6679
6666,6620
6666,6739
6666,6679
6666,6741
6666,3548
6666,6668
6666,4047
6666,6350
6666,6739
6742,6350
6743,6666
6744,3548
6744,6640
6744,4047
6745,4047
6745,6745
6745,6350
6746,4047
6746,6746
6746,6350
6747,6666
6747,6666
6748,6666
6748,6666
6749,6620
6749,6620
6257,3909
6257,6257
6257,6137
6257,5630
6750,6137
6751,181
6751,6752
6751,3909
6751,4163
6751,5412
6751,6753
6751,6754
6755,6756
6757,6758
6137,6257
6137,6759
6137,6144
6137,6145
6137,3909
6137,6137
6760,6761
6762,6763
6764,3870
6764,6257
6764,6752
6764,3909
6764,4163
6764,5412
6765,6766
6767,6768
6767,6769
6767,1807
6767,6770
6767,3369
6767,132
6767,45
6767,6771
6767,3452
6767,510
6767,6772
6767,6773
6767,6768
6774,6775
6776,6777
6776,6777
6776,2659
6776,328
6776,2659
6776,6778
6776,6779
6776,328
6776,2659
6776,6778
6776,328
6776,6779
6776,6777
6776,6780
6776,6781
6776,789
6776,6782
6776,6783
6776,6784
6785,5330
6785,5330
6785,6786
6785,4266
6785,6787
6785,6788
6785,6789
6790,6785
6790,6785
6790,6791
6792,6785
6792,6785
6792,6785
6793,6785
6793,6785
6793,6785
6793,6794
6793,6785
6793,6785
6795,6793
6795,6793
6796,6785
6796,6785
6796,6785
6796,6785
6797,6798
6799,6800
6801,6802
6801,482
6803,6804
6803,6804
6805,6806
6805,6807
6805,6807
6805,6808
6805,6809
6805,6810
6805,6811
6805,3346
6805,6812
6805,6813
6805,6814
6805,6815
6805,6816
6805,6817
6805,6818
6805,6809
6805,6819
6805,6820
6805,3209
6805,181
6805,5262
6805,6821
6805,6819
6805,6816
6805,6822
6805,5667
6805,6816
6823,6805
6824,6805
6825,6805
6825,6805
6826,6807
6826,6807
6827,6818
6804,3209
6804,6828
6804,6314
6804,6054
6804,6807
6818,6829
6818,3209
6818,6830
6831,6818
6807,6805
6807,6818
6807,6809
6807,6805
6807,6804
6807,3209
6832,6833
6832,6833
6833,6805
6833,6804
6834,6804
6834,6835
6836,6834
6836,6834
6837,6838
6837,6839
6837,6840
6841,6842
6841,6843
6841,482
6841,6844
6845,6846
6845,6610
6845,6847
6845,6848
6845,6849
6850,6837
6851,4021
6851,1404
6852,6853
6854,3028
6854,3201
6854,3201
6854,6855
6854,3251
6854,6856
6857,6858
6859,6860
6859,6861
6862,6863
6862,6864
6862,6865
6862,6866
6867,6862
6868,3174
6868,3369
6868,6869
6870,6871
6872,6873
6872,6610
6872,6874
6872,6873
6872,6875
6872,967
6872,5352
6872,6876
6872,3909
6872,6872
6877,6878
6877,6879
6877,6880
6877,6881
6877,6882
6877,6883
6877,6884
6877,6885
6877,6886
6877,6887
6888,6877
6889,6877
6890,6877
6891,450
6891,6891
6891,6892
6891,6893
6894,5806
6894,3201
6894,6895
6894,6896
6894,6897
6894,6898
6899,6894
6900,6901
6900,3974
6900,6902
6900,4357
6900,5312
6903,6900
6904,6905
6904,6906
6907,6908
6907,6909
6907,6910
6911,6907
6911,6907
6912,3581
6912,6912
6912,6913
6912,6914
6912,6915
6912,6916
6917,6872
6917,6918
6917,4172
6917,6919
6917,6920
6917,6921
6917,6922
6917,6923
6917,6924
6917,181
6917,6012
6917,6872
6917,6925
6917,6216
6917,6926
6917,5667
6917,6927
6917,6928
6919,4172
6919,6920
6919,6923
6919,6929
6919,6930
6931,6919
6920,6932
6920,6920
6920,6933
6920,6932
6920,6923
6920,6932
6920,6934
6920,6932
6935,6920
6935,6920
6936,303
6936,6936
6937,6938
6939,6940
6941,6942
6941,6939
6943,6939
6944,6939
6945,6917
6945,6940
6945,4172
6945,6917
6945,6932
6945,6946
6947,6945
6940,6917
6940,4172
6940,6917
6940,6948
6942,6940
6942,4172
6942,6917
6942,6945
6942,6949
6942,6940
6950,6940
6951,6940
6952,6917
6952,6917
6953,6917
6954,6912
6955,6956
6955,6957
6958,3746
6958,6959
6958,6960
6958,6957
6958,6961
6958,6962
6963,6958
6964,6956
6964,6957
6965,6964
6966,6955
6966,6955
6967,6958
6967,6968
6967,6969
6967,6957
6967,6970
6967,6962
6967,6955
6927,6872
6927,3201
6927,6863
6927,6011
6927,6917
6927,6971
6927,6972
6927,6973
6927,6917
6927,6928
6974,6927
6974,6927
6975,3974
6975,4177
6976,6977
6978,6976
6979,3581
6979,6979
6979,6980
6979,6981
6982,6983
6984,6985
6985,6979
6985,6984
6985,6986
6985,6987
6985,6988
6985,6989
6985,6913
6985,6990
6985,6991
6985,6983
6985,6992
6985,6993
6985,6994
6985,6915
6985,6995
6985,6996
6985,6997
6985,6998
6985,6979
6999,6985
7000,6985
7001,7000
6928,6863
6928,6011
6928,6917
6928,6917
6928,6927
7002,6928
7002,6928
7003,6872
7004,7005
7006,7003
7006,7007
7006,7006
7006,7007
7006,6336
7006,7008
7006,7009
7010,7011
7010,6908
7012,256
7012,5555
7013,7014
7015,7016
7015,3548
7015,4892
7015,7017
7015,7018
7015,7019
7020,5585
7020,7020
7020,7021
7020,1215
7020,7022
7020,7023
7020,7024
7020,7025
7020,7026
7020,7027
7020,7028
7020,7029
7020,7030
7031,7020
7031,7007
7031,7007
7032,7020
7032,7020
7033,7034
7033,1272
7033,5881
7033,7035
7033,5881
7033,7036
7033,7037
7033,111
7033,2899
7038,7033
7039,7033
7040,7041
7042,7033
7042,7033
7043,7044
7043,7045
7046,7043
7047,7048
7047,7049
7047,4177
7050,7047
7051,6767
7051,2325
7052,7053
7052,4249
7052,7054
7055,3858
7055,3858
7055,7055
7055,4126
7056,7057
7056,7058
7059,7056
7059,7056
7060,7061
7060,7062
7060,5779
7060,7056
7060,7062
7063,132
7063,7064
7065,7066
7067,7065
7068,7069
7068,7068
7070,7071
7072,7066
7073,7072
7074,7075
7074,3858
7074,7074
7074,7076
7074,5806
7074,7077
7074,7078
7074,1435
7074,5721
7074,7079
7074,7080
7074,7081
7074,5582
7074,7082
7074,7083
7074,7084
7074,5724
7074,7085
7074,7086
7074,7087
7074,7088
7074,7089
7074,7090
7074,1400
7074,7091
7074,7092
7074,3369
7074,256
7074,7093
7074,7094
7074,7095
7074,7084
7074,3369
7074,7093
7096,7074
7096,103
7096,7097
7096,7098
7096,4267
7096,7099
7096,3369
7096,7097
7100,7096
7101,7074
7101,4142
7101,7102
7101,7103
7101,7104
